tipo,categoria,especie,suplementos,fijacion
ASSET,MAQUINARIA Y EQUIPO,ABASTONADORA,MCA/MOD/,A CERCA DE LA PLACA DEL FABRICANTE
ASSET,EQUIPOS DIVERSOS,ABRIDOR DE MALLAS,MCA/MOD/,A CERCA DE LA PLACA DEL FABRICANTE
ASSET,EQUIPOS DE COMPUTO,ACCESS POINT,MCA/MOD/,A CERCA DE LA PLACA DEL FABRICANTE
ASSET,EQUIPOS DE COMPUTO,ACELERADOR DE RED,MCA/MOD/,A CERCA DE LA PLACA DEL FABRICANTE
ASSET,MAQUINARIA Y EQUIPO,ACOMODADOR PARA GALLETAS,MCA/MOD/ESTRUCTURA (MATERIAL)/POTENCIA (PONER LA UNIDAD)/DIMENSIÓN (ANC X PROF X ALT) EN MM,A CERCA DE LA PLACA DEL FABRICANTE
ASSET,MUEBLES,ACONDICIONADOR DE AIRE,MCA/MOD/POTENCIA EN BTU/H,A CERCA DE LA PLACA DEL FABRICANTE
ASSET,MAQUINARIA Y EQUIPO,ACONDICIONADOR DE CEREALES,MCA/MOD/,A CERCA DE LA PLACA DEL FABRICANTE
ASSET,MAQUINARIA Y EQUIPO,ACONDICIONADOR DE POLVO,MCA/MOD/,A CERCA DE LA PLACA DEL FABRICANTE
ASSET,GOODWILL,ACTIVOS FIJOS,,
ASSET,EQUIPOS DIVERSOS,AFILADOR,MCA/MOD/,A CERCA DE LA PLACA DEL FABRICANTE
ASSET,MAQUINARIA Y EQUIPO,AGITADOR,MCA/MOD/ESTRUCTURA (MATERIAL)/POTENCIA DEL MOTOR (COLOCAR UNIDAD)/DIMENSIÓN (ANC X PROF X ALT) EN MM,A CERCA DE LA PLACA DEL FABRICANTE
ASSET,MAQUINARIA Y EQUIPO,AGITADOR DE TAMICES,MCA/MOD/POTENCIA (PONER LA UNIDAD)/CAPACIDAD/DIMENSIÓN (ANC X PROF X ALT) EN MM,A CERCA DE LA PLACA DEL FABRICANTE
ASSET,MAQUINARIA Y EQUIPO,AGITADOR DE TANQUE,MCA/MOD/ESTRUCTURA (MATERIAL)/POTENCIA DEL MOTOR (PONER LA UNIDAD)/ROTACIÓN/VARILLA (DIAM X ANCHO) EN MM,A CERCA DE LA PLACA DEL FABRICANTE
ASSET,EQUIPOS DE LABORATORIO,AGITADOR MAGNETICO,MCA/MOD/POTENCIA (PONER LA UNIDAD),A CERCA DE LA PLACA DEL FABRICANTE
ASSET,EQUIPOS DIVERSOS,ALICATE AMPERIMETRO,MCA/MOD/,A CERCA DE LA PLACA DEL FABRICANTE
ASSET,MAQUINARIA Y EQUIPO,ALIMENTADOR,MCA/MOD/,A CERCA DE LA PLACA DEL FABRICANTE
ASSET,MAQUINARIA Y EQUIPO,ALIMENTADOR VIBRATORIO,MCA/MOD/,A CERCA DE LA PLACA DEL FABRICANTE
ASSET,EQUIPOS DIVERSOS,ALINEADOR,MCA/MOD/,A CERCA DE LA PLACA DEL FABRICANTE
ASSET,EQUIPOS DIVERSOS,ALINEADOR DE DIRECCION,MCA/MOD/,A CERCA DE LA PLACA DEL FABRICANTE
ASSET,EDIFICIOS,ALMACEN,,FICTICIO
ASSET,EQUIPOS DE LABORATORIO,ALVEOGRAFO,MCA/MOD/,A CERCA DE LA PLACA DEL FABRICANTE
ASSET,MAQUINARIA Y EQUIPO,AMASADORA,MCA/MOD/,A CERCA DE LA PLACA DEL FABRICANTE
ASSET,EQUIPOS DIVERSOS,AMOLADORA,MCA/MOD/,A CERCA DE LA PLACA DEL FABRICANTE
ASSET,EQUIPOS COMUNICACION,AMPLIFICADOR,MCA/MOD/POTENCIA EN WATTS,A CERCA DE LA PLACA DEL FABRICANTE
ASSET,EQUIPOS COMUNICACION,AMPLIFICADOR DE AUDIO,MCA/MOD/POTENCIA EN WATTS/NÚMERO DE CAJAS ACUSTICAS,A CERCA DE LA PLACA DEL FABRICANTE
ASSET,EQUIPOS DE LABORATORIO,ANALIZADOR,MCA/MOD/,A CERCA DE LA PLACA DEL FABRICANTE
ASSET,EQUIPOS DIVERSOS,ANALIZADOR DE ACIDO,MCA/MOD/,A CERCA DE LA PLACA DEL FABRICANTE
ASSET,EQUIPOS DIVERSOS,ANALIZADOR DE CABLES,MCA/MOD/,A CERCA DE LA PLACA DEL FABRICANTE
ASSET,EQUIPOS DIVERSOS,ANALIZADOR DE CIRCUITO,MCA/MOD/,A CERCA DE LA PLACA DEL FABRICANTE
ASSET,EQUIPOS DIVERSOS,ANALIZADOR DE CLORO,MCA/MOD/,A CERCA DE LA PLACA DEL FABRICANTE
ASSET,EQUIPOS DE LABORATORIO,ANALIZADOR DE EMISIONES GASEOSAS,MCA/MOD/,A CERCA DE LA PLACA DEL FABRICANTE
ASSET,EQUIPOS DIVERSOS,ANALIZADOR DE ENERGIA,MCA/MOD/,A CERCA DE LA PLACA DEL FABRICANTE
ASSET,EQUIPOS DE LABORATORIO,ANALIZADOR DE FIBRAS,MCA/MOD/,A CERCA DE LA PLACA DEL FABRICANTE
ASSET,EQUIPOS DIVERSOS,ANALIZADOR DE GASES,MCA/MOD/,A CERCA DE LA PLACA DEL FABRICANTE
ASSET,EQUIPOS DE LABORATORIO,ANALIZADOR DE GLUCOSA,MCA/MOD/,A CERCA DE LA PLACA DEL FABRICANTE
ASSET,EQUIPOS DE LABORATORIO,ANALIZADOR DE GLUTEN,MCA/MOD/,A CERCA DE LA PLACA DEL FABRICANTE
ASSET,EQUIPOS DE LABORATORIO,ANALIZADOR DE GRASA,MCA/MOD/,A CERCA DE LA PLACA DEL FABRICANTE
ASSET,EQUIPOS DIVERSOS,ANALIZADOR DE HERMETICIDAD,MCA/MOD/,A CERCA DE LA PLACA DEL FABRICANTE
ASSET,EQUIPOS DIVERSOS,ANALIZADOR DE INFRARROJOS,MCA/MOD/,A CERCA DE LA PLACA DEL FABRICANTE
ASSET,EQUIPOS DIVERSOS,ANALIZADOR DE LIMPIEZA,MCA/MOD/,A CERCA DE LA PLACA DEL FABRICANTE
ASSET,EQUIPOS DIVERSOS,ANALIZADOR DE LIQUIDOS,MCA/MOD/,A CERCA DE LA PLACA DEL FABRICANTE
ASSET,EQUIPOS DIVERSOS,ANALIZADOR DE MOTORES,MCA/MOD/,A CERCA DE LA PLACA DEL FABRICANTE
ASSET,EQUIPOS DIVERSOS,ANALIZADOR DE NITROGENO,MCA/MOD/,A CERCA DE LA PLACA DEL FABRICANTE
ASSET,EQUIPOS DIVERSOS,ANALIZADOR DE OXIDACION,MCA/MOD/,A CERCA DE LA PLACA DEL FABRICANTE
ASSET,EQUIPOS DIVERSOS,ANALIZADOR DE PARTICULAS,MCA/MOD/,A CERCA DE LA PLACA DEL FABRICANTE
ASSET,EQUIPOS DE LABORATORIO,ANALIZADOR DE PROTEINAS,MCA/MOD/,A CERCA DE LA PLACA DEL FABRICANTE
ASSET,EQUIPOS DIVERSOS,ANALIZADOR DE PUNTOS,MCA/MOD/,A CERCA DE LA PLACA DEL FABRICANTE
ASSET,EQUIPOS DIVERSOS,ANALIZADOR DE RESSONANCIA MAGNETICA,MCA/MOD/,A CERCA DE LA PLACA DEL FABRICANTE
ASSET,EQUIPOS DIVERSOS,ANALIZADOR DE SEMILIAS,MCA/MOD/,A CERCA DE LA PLACA DEL FABRICANTE
ASSET,EQUIPOS DIVERSOS,ANALIZADOR DE TEMPERATURA,MCA/MOD/,A CERCA DE LA PLACA DEL FABRICANTE
ASSET,EQUIPOS DIVERSOS,ANALIZADOR DE TENSION,MCA/MOD/,A CERCA DE LA PLACA DEL FABRICANTE
ASSET,EQUIPOS DIVERSOS,ANALIZADOR DE TEXTURA,MCA/MOD/,A CERCA DE LA PLACA DEL FABRICANTE
ASSET,EQUIPOS DIVERSOS,ANALIZADOR DE VIBRACIONES,MCA/MOD/,A CERCA DE LA PLACA DEL FABRICANTE
ASSET,EQUIPOS DIVERSOS,ANALIZADOR MULTIPROPOSITO,MCA/MOD/,A CERCA DE LA PLACA DEL FABRICANTE
ASSET,EQUIPOS DIVERSOS,ANALIZADOR SFC,MCA/MOD/,A CERCA DE LA PLACA DEL FABRICANTE
ASSET,EQUIPOS DE LABORATORIO,ANALIZADOR TERMOGRAVIMÉTRICO,MCA/MOD/,A CERCA DE LA PLACA DEL FABRICANTE
ASSET,EQUIPOS DE LABORATORIO,ANALIZADOR VIBRACIONAL,MCA/MOD/,A CERCA DE LA PLACA DEL FABRICANTE
ASSET,EQUIPOS DIVERSOS,ANEMOMETRO,MCA/MOD/,A CERCA DE LA PLACA DEL FABRICANTE
ASSET,EQUIPOS DIVERSOS,ANTENA,MCA/MOD/,A CERCA DE LA PLACA DEL FABRICANTE
ASSET,INSTALACIONES,ANTENA DE TRANSMICION,,FICTICIO
ASSET,MUEBLES,APARADOR,MCA/MOD/,A CERCA DE LA PLACA DEL FABRICANTE
ASSET,EQUIPOS DIVERSOS,APILADORA,MCA/MOD/,A CERCA DE LA PLACA DEL FABRICANTE
ASSET,MAQUINARIA Y EQUIPO,APLICADOR DE PEGAMENTO,MCA/MOD/,A CERCA DE LA PLACA DEL FABRICANTE
ASSET,MAQUINARIA Y EQUIPO,APLICADOR DE POLVO,MCA/MOD/,A CERCA DE LA PLACA DEL FABRICANTE
ASSET,MUEBLES,ARCHIVADOR,MCA/MOD/NUMERO DE CAJONES,SUPERIOR DERECHA
ASSET,MAQUINARIA Y EQUIPO,ARENADOR,MCA/MOD/,A CERCA DE LA PLACA DEL FABRICANTE
ASSET,MUEBLES,ARMARIO,MCA/MOD/NUMERO DE REPISAS EXTERNAS/NÚMERO DE CAJONES/NUMERO DE PUERTAS/NÚMERO DEL ESTANTE(S) EXTERNAS,SUPERIOR DERECHA
ASSET,EQUIPOS DIVERSOS,ARTESA INDUSTRIAL,MCA/MOD/,A CERCA DE LA PLACA DEL FABRICANTE
ASSET,EDIFICIOS,ASENSOR,"MCA/MOD/ESTRUCTURA (MATERIAL)/CAPACIDADE DE CARGA (COLOCAR UNIDADE G, KG OU TON)/POTÊNCIA DO MOTOR ELÉTRICO (COLOCAR UNIDADE)/DIMENSION (ANC X LARG  X ALT) EN MM",A CERCA DE LA PLACA DEL FABRICANTE
ASSET,EQUIPOS DIVERSOS,ASPIRADOR DE GRANO,MCA/MOD/,A CERCA DE LA PLACA DEL FABRICANTE
ASSET,EQUIPOS DIVERSOS,ASPIRADOR INDUSTRIAL DE POLVO,MCA/MOD/POTENCIA (PONER LA UNIDAD),A CERCA DE LA PLACA DEL FABRICANTE
ASSET,MUEBLES,ASPIRADORA,MCA/MOD/,A CERCA DE LA PLACA DEL FABRICANTE
ASSET,EQUIPOS DIVERSOS,ATEMPERADORA,MCA/MOD/,A CERCA DE LA PLACA DEL FABRICANTE
ASSET,EQUIPOS DIVERSOS,ATOMIZADOR INDUSTRIAL MOTORIZADO,MCA/MOD/,A CERCA DE LA PLACA DEL FABRICANTE
ASSET,EQUIPOS COMUNICACION,AUDIOCONFERENCIA,MCA/MOD/,A CERCA DE LA PLACA DEL FABRICANTE
ASSET,EQUIPOS DIVERSOS,AUDIOMETRO,MCA/MOD/,A CERCA DE LA PLACA DEL FABRICANTE
ASSET,MAQUINARIA Y EQUIPO,AUTOCLAVE,MCA/MOD/ESTRUCTURA (MATERIAL)/POTENCIA (PONER LA UNIDAD)/CAPACIDAD VOLUMETRICA (EN LITROS)/DIMENSIÓN (ANC X LAR X ALT),A CERCA DE LA PLACA DEL FABRICANTE
ASSET,UNIDADES DE TRANSPORTE,AUTOMOVIL,MCA/MOD/TIPO/ANO/MOD/TABLERO,FICTICIO
ASSET,EQUIPOS DE LABORATORIO,BALANZA ANALITICA,MCA/MOD/CAPACIDAD (PONER UNIDAD),A CERCA DE LA PLACA DEL FABRICANTE
ASSET,EQUIPOS DIVERSOS,BALANZA DE CAMION,MCA/MOD/ESTRUCTURA (MATERIAL)/CAPACIDAD (PONER LA UNIDAD)/DIMENSIÓN DE LA PLATAFORMA,A CERCA DE LA PLACA DEL FABRICANTE
ASSET,EQUIPOS DE LABORATORIO,BALANZA DE HUMEDAD,MCA/MOD/,A CERCA DE LA PLACA DEL FABRICANTE
ASSET,EQUIPOS DE LABORATORIO,BALANZA DE PRECISIÓN,MCA/MOD/,A CERCA DE LA PLACA DEL FABRICANTE
ASSET,MAQUINARIA Y EQUIPO,BALANZA ELECTRONICA,MCA/MOD/CAPACIDAD (PONER UNIDAD),A CERCA DE LA PLACA DEL FABRICANTE
ASSET,MAQUINARIA Y EQUIPO,BALANZA FERROVIARIA,MCA/MOD/,A CERCA DE LA PLACA DEL FABRICANTE
ASSET,MAQUINARIA Y EQUIPO,BALANZA MECANICA,MCA/MOD/CAPACIDAD (PONER UNIDAD),A CERCA DE LA PLACA DEL FABRICANTE
ASSET,MAQUINARIA Y EQUIPO,BALANZA TIPO PLATAFORMA,MCA/MOD/ESTRUCTURA (MATERIAL)/DIMENSIO DE LA PLATAFORMA (ANC X LARG X ALT) EN MM,A CERCA DE LA PLACA DEL FABRICANTE
ASSET,MAQUINARIA Y EQUIPO,BAÑADORA INDUSTRIAL,MCA/MOD/,A CERCA DE LA PLACA DEL FABRICANTE
ASSET,MUEBLES,BANCADA,MCA/MOD/ESTRUCTURA (MATERIAL)/TAMPO (MATERIAL)/NÚMERO DEL PUERTA(S)/NÚMERO DEL CAJONES/NÚMERO DEL ESTANTE(S)/DIMENSIÓN (ANC X PROF X ALT) EM MM,A CERCA DE LA PLACA DEL FABRICANTE
ASSET,MUEBLES,BANCO,,ESTRUCTURA
ASSET,EQUIPOS DIVERSOS,BANCO DE BATERIAS,MCA/MOD/ESTRUCTURA (MATERIAL)/CUANT. DE ELEMENTOS/CAPACIDAD (EN AH)/DIMENSIÓN (ANC X LARG X ALT) EN MM,A CERCA DE LA PLACA DEL FABRICANTE
ASSET,MAQUINARIA Y EQUIPO,BANCO DE CILINDROS,MCA/MOD/CAPACIDAD (PONER UNIDAD),A CERCA DE LA PLACA DEL FABRICANTE
ASSET,MAQUINARIA Y EQUIPO,BANCO DE CONDENSADORES,MCA/MOD/NÚMERO DE CAPACITORES/CAPACIDAD (COLOCAR UNIDAD),A CERCA DE LA PLACA DEL FABRICANTE
ASSET,MAQUINARIA Y EQUIPO,BANCO DE CORTE,MCA/MOD/,A CERCA DE LA PLACA DEL FABRICANTE
ASSET,MAQUINARIA Y EQUIPO,BANCO DE TEST,MCA/MOD/,A CERCA DE LA PLACA DEL FABRICANTE
ASSET,MUEBLES,BANCO DE TRABAJO EN MADERA,MCA/MOD/ESTRUCTURA (MATERIAL)/TAMPO (MATERIAL)/NÚMERO DEL PUERTA(S)/NÚMERO DEL CAJONES/NÚMERO DEL ESTANTE(S)/DIMENSIÓN (ANC X PROF X ALT) EM MM,A CERCA DE LA PLACA DEL FABRICANTE
ASSET,MAQUINARIA Y EQUIPO,BANCO DE TRABAJO METALICO,MCA/MOD/TAPA (MATERIAL)/REVESTIMIENTO/NÚMERO DEL PUERTA(S)/NÚMERO DEL CAJONES/NÚMERO DEL ESTANTE(S)/DIMENSIÓN (ANC X PROF X ALT) EM MM,A CERCA DE LA PLACA DEL FABRICANTE
ASSET,EQUIPOS DE LABORATORIO,BAÑO MARIA,MCA/MOD/POTENCIA (PONER LA UNIDAD),A CERCA DE LA PLACA DEL FABRICANTE
ASSET,MUEBLES,BAÑO MARIA P/COMEDOR,MCA/MOD/ESTRUCTURA (MATERIAL)/POTENCIA (PONER LA UNIDAD)/DIMENSIÓN (ANC X PROF X ALT) EN MM,A CERCA DE LA PLACA DEL FABRICANTE
ASSET,EQUIPOS DE LABORATORIO,BAÑO TERMOSTATICO,MCA/MOD/,A CERCA DE LA PLACA DEL FABRICANTE
ASSET,EQUIPOS DE LABORATORIO,BAÑO ULTRASONICO,MCA/MOD/,A CERCA DE LA PLACA DEL FABRICANTE
ASSET,MUEBLES,BANQUETA,MCA/MOD/,A CERCA DE LA PLACA DEL FABRICANTE
ASSET,MAQUINARIA Y EQUIPO,BARNIZADORA,MCA/MOD/,A CERCA DE LA PLACA DEL FABRICANTE
ASSET,EQUIPOS DIVERSOS,BARREDORA,MCA/MOD/,A CERCA DE LA PLACA DEL FABRICANTE
ASSET,EDIFICIOS,BASE DE BASCULA,,FICTICIO
ASSET,EDIFICIOS,BASE DE HORMIGÓN,MCA/MOD/,FICTICIO
ASSET,MAQUINARIA Y EQUIPO,BATERIA CILINDRICA DE CICLON,MCA/MOD/,A CERCA DE LA PLACA DEL FABRICANTE
ASSET,EDIFICIOS,BATERIA SILOS,,FICTICIO
ASSET,MAQUINARIA Y EQUIPO,BATIDORA,MCA/MOD/,A CERCA DE LA PLACA DEL FABRICANTE
ASSET,MUEBLES,BAUL,MCA/MOD/,A CERCA DE LA PLACA DEL FABRICANTE
ASSET,MUEBLES,BEBEDERO,MCA/MOD/,A CERCA DE LA PLACA DEL FABRICANTE
ASSET,MAQUINARIA Y EQUIPO,BIN METALICO,MCA/MOD/,A CERCA DE LA PLACA DEL FABRICANTE
ASSET,EQUIPOS DE LABORATORIO,BIODIGESTOR,MCA/MOD/,A CERCA DE LA PLACA DEL FABRICANTE
ASSET,MAQUINARIA Y EQUIPO,BLOQUE DE TEMPERATURA,MCA/MOD/,A CERCA DE LA PLACA DEL FABRICANTE
ASSET,MAQUINARIA Y EQUIPO,BOBINADORA,MCA/MOD/,A CERCA DE LA PLACA DEL FABRICANTE
ASSET,EDIFICIOS,BODEGA,,FICTICIO
ASSET,MAQUINARIA Y EQUIPO,BOGUIE METALICO P/HORNO,MCA/MOD/,A CERCA DE LA PLACA DEL FABRICANTE
ASSET,MAQUINARIA Y EQUIPO,BOLEADORA INDUSTRIAL,MCA/MOD/,A CERCA DE LA PLACA DEL FABRICANTE
ASSET,MAQUINARIA Y EQUIPO,BOMBA,MCA/MOD/FLUJO (PONER LA UNIDAD)/PRESION (PONER LA UNIDAD)/POTENCIA (PONER LA UNIDAD)/DIÂMETRO ROTOR (EN MM),A CERCA DE LA PLACA DEL FABRICANTE
ASSET,MAQUINARIA Y EQUIPO,BOMBA CENTRIFUGA,MCA/MOD/FLUJO (PONER LA UNIDAD)/DIÂMETRO ROTOR (EN MM)/POTENCIA DEL MOTOR (COLOCAR UNIDAD)/PRESION (PONER LA UNIDAD),A CERCA DE LA PLACA DEL FABRICANTE
ASSET,EQUIPOS DIVERSOS,BOMBA DE CALOR,MCA/MOD/,A CERCA DE LA PLACA DEL FABRICANTE
ASSET,MAQUINARIA Y EQUIPO,BOMBA DE COMBUSTIBLE,MCA/MOD/FLUJO,A CERCA DE LA PLACA DEL FABRICANTE
ASSET,MAQUINARIA Y EQUIPO,BOMBA DE DIAFRAGMA,MCA/MOD/FLUJO (PONER LA UNIDAD)/PRESION (PONER LA UNIDAD)/DIÂMETRO ROTOR (EN MM),A CERCA DE LA PLACA DEL FABRICANTE
ASSET,MAQUINARIA Y EQUIPO,BOMBA DE ENGRENAJE,MCA/MOD/FLUJO (PONER LA UNIDAD)/PRESION (PONER LA UNIDAD)/VISCOSIDAD (PONER LA UNIDAD)/POTENCIA DEL MOTOR (COLOCAR UNIDAD),A CERCA DE LA PLACA DEL FABRICANTE
ASSET,MAQUINARIA Y EQUIPO,BOMBA DE PISTON,MCA/MOD/FLUJO (PONER LA UNIDAD)/PRESION (PONER LA UNIDAD)/POTENCIA DEL MOTOR (COLOCAR UNIDAD)/ROTACION,A CERCA DE LA PLACA DEL FABRICANTE
ASSET,MAQUINARIA Y EQUIPO,BOMBA DE TRANSFERENCIA,MCA/MOD/,A CERCA DE LA PLACA DEL FABRICANTE
ASSET,MAQUINARIA Y EQUIPO,BOMBA DE VACIO,MCA/MOD/FLUJO (PONER LA UNIDAD)/PRESION (PONER LA UNIDAD)/POTENCIA (PONER LA UNIDAD),A CERCA DE LA PLACA DEL FABRICANTE
ASSET,MAQUINARIA Y EQUIPO,BOMBA DOSIFICADORA,MCA/MOD/FLUJO (PONER LA UNIDAD)/PRESION (PONER LA UNIDAD)/POTENCIA (PONER LA UNIDAD),A CERCA DE LA PLACA DEL FABRICANTE
ASSET,MAQUINARIA Y EQUIPO,BOMBA HELICOIDAL,MCA/MOD/FLUJO (PONER LA UNIDAD)/POTENCIA DEL MOTOR (COLOCAR UNIDAD),A CERCA DE LA PLACA DEL FABRICANTE
ASSET,MAQUINARIA Y EQUIPO,BOMBA NEUMATICA,MCA/MOD/FLUJO (PONER LA UNIDAD)/PRESION (PONER LA UNIDAD)/DIÂMETRO ROTOR (EN MM),A CERCA DE LA PLACA DEL FABRICANTE
ASSET,MAQUINARIA Y EQUIPO,BOMBA POSITIVA,MCA/MOD/FLUJO (PONER LA UNIDAD)/PRESION (UNIDAD)/POTENCIA DEL MOTOR (COLOCAR UNIDAD)/DIAMETRO ROTOR (MM),A CERCA DE LA PLACA DEL FABRICANTE
ASSET,MAQUINARIA Y EQUIPO,BOMBA RECIRCULADORA,MCA/MOD/,A CERCA DE LA PLACA DEL FABRICANTE
ASSET,MAQUINARIA Y EQUIPO,BOMBA SOPLANTE,MCA/MOD/FLUJO (PONER LA UNIDAD)/POTENCIA (COLOCAR UNIDAD),A CERCA DE LA PLACA DEL FABRICANTE
ASSET,MAQUINARIA Y EQUIPO,BOMBA SUMERGIBLE,MCA/MOD/FLUJO (PONER LA UNIDAD)/PRESION (UNIDAD)/DIAMETRO ROTOR (MM),A CERCA DE LA PLACA DEL FABRICANTE
ASSET,EQUIPOS DIVERSOS,BOROSCOPIO,MCA/MOD/,A CERCA DE LA PLACA DEL FABRICANTE
ASSET,MAQUINARIA Y EQUIPO,BOXEADORA,MCA/MOD/,A CERCA DE LA PLACA DEL FABRICANTE
ASSET,EQUIPOS DE LABORATORIO,BURETA ELECTRONICA,MCA/MOD/,A CERCA DE LA PLACA DEL FABRICANTE
ASSET,MUEBLES,BUTACA DE ESPERA,MCA/MOD/NUMERO DE ASIENTOS/BRAZOS?,SUPERIOR DERECHA
ASSET,EQUIPOS DIVERSOS,CABINA DE EXTRACCIÓN,MCA/MOD/DIMENSIÓN (LONG X PROF X ALT) EN MM,A CERCA DE LA PLACA DEL FABRICANTE
ASSET,EQUIPOS DE LABORATORIO,CABINA DE LUCES,MCA/MOD/DIMENSIÓN (LONG X PROF X ALT) EN MM,A CERCA DE LA PLACA DEL FABRICANTE
ASSET,MAQUINARIA Y EQUIPO,CABINA GRAGEADORA,MCA/MOD/,A CERCA DE LA PLACA DEL FABRICANTE
ASSET,MUEBLES,CAFETERA PROFESIONAL,MCA/MOD/,A CERCA DE LA PLACA DEL FABRICANTE
ASSET,MUEBLES,CAJA,MCA/MOD/,A CERCA DE LA PLACA DEL FABRICANTE
ASSET,EQUIPOS DIVERSOS,CAJA ACUSTICA,MCA/MOD/,A CERCA DE LA PLACA DEL FABRICANTE
ASSET,EQUIPOS DIVERSOS,CAJA DE AGUA,MCA/MOD/,A CERCA DE LA PLACA DEL FABRICANTE
ASSET,MUEBLES,CAJA FUERTE,MCA/MOD/ESTRUCTURA (MATERIAL)/NÚMERO DEL PUERTAS/NUMERO DEL CAJONES/DIMENSIÓN (ANC X PROF X ALT) EN MM,SUPERIOR DERECHA
ASSET,MAQUINARIA Y EQUIPO,CAJA TRANSPORTADORA,MCA/MOD/,A CERCA DE LA PLACA DEL FABRICANTE
ASSET,MAQUINARIA Y EQUIPO,CAJONADORA,MCA/MOD/,A CERCA DE LA PLACA DEL FABRICANTE
ASSET,MUEBLES,CAJONERA,MCA/MOD/ESTRUCTURA (MATERIAL)/ESTRUCTURA (TAPA)/REVESTIMIENTO/NÚMERO DEL CAJONES/NÚMERO DEL ESTANTES EXTERNAS/NÚMERO DEL RUEDECILLAS/DIMENSIÓN (ANC X PROF X ALT) EN MM,SUPERIOR DERECHA
ASSET,MAQUINARIA Y EQUIPO,CALADOR,MCA/MOD/,A CERCA DE LA PLACA DEL FABRICANTE
ASSET,MAQUINARIA Y EQUIPO,CALANDRA,MCA/MOD/ESTRUCTURA (MATERIAL)/NÚMERO DEL ROLLO(S)/DIAMETRO DO ROLLO (DIAM X COMP) EN MM/DIMENSIÓN (ANC X PROF X ALT) EN MM,A CERCA DE LA PLACA DEL FABRICANTE
ASSET,MAQUINARIA Y EQUIPO,CALDERA,MCA/MOD/ESTRUCTURA (MATERIAL)/FORMA / DIRECCION/CAPACIDADE VOLUMETRICA (PONER LA UNIDAD)/GERACION DE VAPOR/PRESION (PONER LA UNIDAD)/DIMENSION (ANC X LARG X ALT) EN MM,A CERCA DE LA PLACA DEL FABRICANTE
ASSET,MAQUINARIA Y EQUIPO,CALENTADOR,MCA/MOD/POTENCIA (PONER LA UNIDAD),A CERCA DE LA PLACA DEL FABRICANTE
ASSET,EQUIPOS DE LABORATORIO,CALIBRADOR,MCA/MOD/DIMENSÃO (COMP X LARG X ALT) EM MM,A CERCA DE LA PLACA DEL FABRICANTE
ASSET,EQUIPOS DE LABORATORIO,CALORIMETRO,MCA/MOD/,A CERCA DE LA PLACA DEL FABRICANTE
ASSET,MAQUINARIA Y EQUIPO,CAMARA,MCA/MOD/ESTRUTURA (MATERIAL)/DIMENSÃO (LARG X PROF X ALT) EM MM,A CERCA DE LA PLACA DEL FABRICANTE
ASSET,MAQUINARIA Y EQUIPO,CAMARA DE ENFRIAMENTO,MCA/MOD/,A CERCA DE LA PLACA DEL FABRICANTE
ASSET,MUEBLES,CAMARA FOTOGRAFICA PROFESIONAL,MCA/MOD/,A CERCA DE LA PLACA DEL FABRICANTE
ASSET,MAQUINARIA Y EQUIPO,CAMARA FRIGORIFICA,MCA/MOD/ESTRUTURA (MATERIAL)/DIMENSÃO (LARG X PROF X ALT) EM MM,A CERCA DE LA PLACA DEL FABRICANTE
ASSET,EQUIPOS DIVERSOS,CAMARA TERMOGRAFICA,MCA/MOD/,A CERCA DE LA PLACA DEL FABRICANTE
ASSET,EQUIPOS DE LABORATORIO,CAMARA ULTRAVIOLETA,MCA/MOD/,A CERCA DE LA PLACA DEL FABRICANTE
ASSET,EQUIPOS DIVERSOS,CAMARA VIGILANCIA,MCA/MOD/,A CERCA DE LA PLACA DEL FABRICANTE
ASSET,MUEBLES,CAMILLA,MCA/MOD/,SUPERIOR DERECHA
ASSET,EDIFICIOS,CAMINO,,FICTICIO
ASSET,UNIDADES DE TRANSPORTE,CAMION,MCA/MOD/TIPO/ANO/MOD/TABLERO,FICTICIO
ASSET,UNIDADES DE TRANSPORTE,CAMIONETA,MCA/MOD/TIPO/ANO/MOD/TABLERO,FICTICIO
ASSET,EQUIPOS DIVERSOS,CAMPANA EXTRACTORA,MCA/MOD/,A CERCA DE LA PLACA DEL FABRICANTE
ASSET,EQUIPOS DIVERSOS,CANCELA P/PARQUEO,MCA/MOD/,A CERCA DE LA PLACA DEL FABRICANTE
ASSET,EDIFICIOS,CANCHA DE FUTBOL,,FICTICIO
ASSET,EQUIPOS DIVERSOS,CARGADOR DE BATERIAS,MCA/MOD/TENSIÓN EN VOLTS/CORRIENTE EN AMPERE/POTENCIA (PONER LA UNIDAD),A CERCA DE LA PLACA DEL FABRICANTE
ASSET,MAQUINARIA Y EQUIPO,CARREGADEIRA,MCA/MOD/,A CERCA DE LA PLACA DEL FABRICANTE
ASSET,EQUIPOS DIVERSOS,CARRO HIDRAULICO,MCA/MOD/ESTRUCTURA (MATERIAL)/CAPACIDAD (PONER LA UNIDAD)/DIMENSION (ANC X PROF X ALT) EN MM,A CERCA DE LA PLACA DEL FABRICANTE
ASSET,MAQUINARIA Y EQUIPO,CARRO MOTORIZADO,MCA/MOD/,A CERCA DE LA PLACA DEL FABRICANTE
ASSET,EQUIPOS DE LABORATORIO,CARRO PORTA HERRAMIENTAS,MCA/MOD/NÚMERO DE PUERTAS/NÚMERO DE GAVETA(S)/NÚMERO DE PRATELEIRA(S)/DIMENSÃO (ALT X LARG X PROF),A CERCA DE LA PLACA DEL FABRICANTE
ASSET,UNIDADES DE TRANSPORTE,CARROCERIA,MCA/MOD/TIPO/ANO/MOD,FICTICIO
ASSET,MAQUINARIA Y EQUIPO,CARRUCEL DE ENSAQUE,MCA/MOD/,A CERCA DE LA PLACA DEL FABRICANTE
ASSET,MAQUINARIA Y EQUIPO,CARRUSEL,MCA/MOD/,A CERCA DE LA PLACA DEL FABRICANTE
ASSET,EDIFICIOS,CASA,,FICTICIO
ASSET,EDIFICIOS,CASETA,,FICTICIO
ASSET,MAQUINARIA Y EQUIPO,CELDA DE TENSION,MCA/MOD/,A CERCA DE LA PLACA DEL FABRICANTE
ASSET,INSTALACIONES,CENTRAL DE AIRE ACONDICIONADO,MCA/MOD/CAPACIDAD (PONER UNIDAD)/POTENCIA (COLOCAR UNIDAD),A CERCA DE LA PLACA DEL FABRICANTE
ASSET,INSTALACIONES,CENTRAL DE ALARMA,MCA/MOD/ESTRUCTURA (MATERIAL)/DIMENSIÓN/NUMERO DE PUNTOS,A CERCA DE LA PLACA DEL FABRICANTE
ASSET,MAQUINARIA Y EQUIPO,CENTRAL PROCESSADOR,MCA/MOD/,A CERCA DE LA PLACA DEL FABRICANTE
ASSET,EQUIPOS COMUNICACION,CENTRAL TELEFONICA,MCA/MOD/NÚMERO DE EXTENSIONES/NÚMERO DEL TRONCO(S),A CERCA DE LA PLACA DEL FABRICANTE
ASSET,EQUIPOS DE LABORATORIO,CENTRIFUGA,MCA/MOD/,A CERCA DE LA PLACA DEL FABRICANTE
ASSET,MAQUINARIA Y EQUIPO,CEPILLADORA,MCA/MOD/ESTRUCTURA (MATERIAL)/DIMENSIÓN,A CERCA DE LA PLACA DEL FABRICANTE
ASSET,EQUIPOS DIVERSOS,CEPILLO ELECTRICO INDUSTRIAL,MCA/MOD/,A CERCA DE LA PLACA DEL FABRICANTE
ASSET,EDIFICIOS,CERCO,,FICTICIO
ASSET,MAQUINARIA Y EQUIPO,CESTA METALICA DE FRUTO,MCA/MOD/,A CERCA DE LA PLACA DEL FABRICANTE
ASSET,MAQUINARIA Y EQUIPO,CHILLER,MCA/MOD/FLUJO (PONER LA UNIDAD)/POTENCIA (PONER LA UNIDAD)/CAP. DE CAMBIO DE CALOR (PONER LA UNIDAD),A CERCA DE LA PLACA DEL FABRICANTE
ASSET,MAQUINARIA Y EQUIPO,CHIMENEA,MCA/MOD/,A CERCA DE LA PLACA DEL FABRICANTE
ASSET,MAQUINARIA Y EQUIPO,CICLADOR,MCA/MOD/,A CERCA DE LA PLACA DEL FABRICANTE
ASSET,MAQUINARIA Y EQUIPO,CICLON,MCA/MOD/ESTRUCTURA (MATERIAL)/FLUJO (COLOCAR UNIDAD)/TEMPERATURA/PRESIÓN (COLOCAR UNIDAD)/DIMENSIÓN (LONG X PROF X ALT) EN MM,A CERCA DE LA PLACA DEL FABRICANTE
ASSET,EDIFICIOS,CISTERNA,,FICTICIO
ASSET,MAQUINARIA Y EQUIPO,CLASIFICADORA,MCA/MOD/,A CERCA DE LA PLACA DEL FABRICANTE
ASSET,MAQUINARIA Y EQUIPO,CLIMATIZADOR,MCA/MOD/,A CERCA DE LA PLACA DEL FABRICANTE
ASSET,EQUIPOS DIVERSOS,COCHE AUXILIAR,MCA/MOD/ESTRUCTURA (MATERIAL)/DIMENSION (ANC X LARG X ALT) EN MM,A CERCA DE LA PLACA DEL FABRICANTE
ASSET,MUEBLES,COCINA,MCA/MOD/NÚMERO DE QUEMADORES,SUPERIOR DERECHA
ASSET,MAQUINARIA Y EQUIPO,COCINADOR,MCA/MOD/,A CERCA DE LA PLACA DEL FABRICANTE
ASSET,MAQUINARIA Y EQUIPO,CODIFICADORA,MCA/MOD/,A CERCA DE LA PLACA DEL FABRICANTE
ASSET,EQUIPOS DE COMPUTO,COLECTOR DE DATOS,MCA/MOD/,A CERCA DE LA PLACA DEL FABRICANTE
ASSET,MAQUINARIA Y EQUIPO,COLECTOR DE MUESTRAS,MCA/MOD/,A CERCA DE LA PLACA DEL FABRICANTE
ASSET,MAQUINARIA Y EQUIPO,COLECTOR DE POLVO,MCA/MOD/,A CERCA DE LA PLACA DEL FABRICANTE
ASSET,MAQUINARIA Y EQUIPO,COLECTOR DE VAPOR,MCA/MOD/,A CERCA DE LA PLACA DEL FABRICANTE
ASSET,EQUIPOS DE LABORATORIO,COLORIMETRO,MCA/MOD/,A CERCA DE LA PLACA DEL FABRICANTE
ASSET,GOODWILL,COMBINACIÓN DE NEGOCIOS,,
ASSET,MAQUINARIA Y EQUIPO,COMPACTADOR DE CHATARRA,MCA/MOD/,A CERCA DE LA PLACA DEL FABRICANTE
ASSET,MAQUINARIA Y EQUIPO,COMPRESOR DE AIRE,MCA/MOD/FLUJO (PONER LA UNIDAD)/PRESION (PONER LA UNIDAD)/CAPACIDAD DEL TANQUE (EN L)/POTENCIA DEL MOTOR (PONER LA UNIDAD),A CERCA DE LA PLACA DEL FABRICANTE
ASSET,MAQUINARIA Y EQUIPO,COMPRESOR DE AMONIA,MCA/MOD/,A CERCA DE LA PLACA DEL FABRICANTE
ASSET,MAQUINARIA Y EQUIPO,COMPRESOR DE GAS,MCA/MOD/,A CERCA DE LA PLACA DEL FABRICANTE
ASSET,EDIFICIOS,COMPUERTA,,FICTICIO
ASSET,EQUIPOS DIVERSOS,CONCENTRADOR,MCA/MOD/,A CERCA DE LA PLACA DEL FABRICANTE
ASSET,EQUIPOS DIVERSOS,CONCENTRADOR DE OXIGENO,MCA/MOD/,A CERCA DE LA PLACA DEL FABRICANTE
ASSET,EQUIPOS DIVERSOS,CONCENTRADORA,MCA/MOD/,A CERCA DE LA PLACA DEL FABRICANTE
ASSET,MAQUINARIA Y EQUIPO,CONDENSADOR,MCA/MOD/,A CERCA DE LA PLACA DEL FABRICANTE
ASSET,MAQUINARIA Y EQUIPO,CONDENSADOR DE AIRE,MCA/MOD/POTENCIA (PONER LA UNIDAD),A CERCA DE LA PLACA DEL FABRICANTE
ASSET,MAQUINARIA Y EQUIPO,CONDENSADOR DE MEZCLA,MCA/MOD/,A CERCA DE LA PLACA DEL FABRICANTE
ASSET,EQUIPOS DIVERSOS,CONDUTIVIMETRO,MCA/MOD/,A CERCA DE LA PLACA DEL FABRICANTE
ASSET,MUEBLES,CONGELADORA,MCA/MOD/CAPACIDAD EN LITROS,A CERCA DE LA PLACA DEL FABRICANTE
ASSET,EQUIPOS DIVERSOS,CONJUNTO DE SOLDADURA,MCA/MOD/,A CERCA DE LA PLACA DEL FABRICANTE
ASSET,MUEBLES Y ENSERES,CONSERVADORA EXHIBIDORA,MCA/MOD/,SUPERIOR DERECHA
ASSET,EQUIPOS DIVERSOS,CONSISTOMETRO,MCA/MOD/,A CERCA DE LA PLACA DEL FABRICANTE
ASSET,EQUIPOS DE LABORATORIO,CONTADOR DE COLONIAS,MCA/MOD/,A CERCA DE LA PLACA DEL FABRICANTE
ASSET,EQUIPOS DIVERSOS,CONTAINER,MCA/MOD/ESTRUCTURA (MATERIAL)/CAPACIDAD EN TONELADAS/DIMENSIÓN (ANC X PROF X ALT) EN MM,A CERCA DE LA PLACA DEL FABRICANTE
ASSET,EDIFICIOS,MURO DE CONTENCION,,FICTICIO
ASSET,EQUIPOS DIVERSOS,CONTENEDOR METALICO (CAP ≥ 1 M3),MCA/MOD/ESTRUCTURA (MATERIAL)/CAPACIDAD EN TONELADAS/DIMENSIÓN (ANC X PROF X ALT) EN MM,A CERCA DE LA PLACA DEL FABRICANTE
ASSET,EQUIPOS COMUNICACION,CONTROL DE ACCESO,MCA/MOD/,A CERCA DE LA PLACA DEL FABRICANTE
ASSET,EQUIPOS COMUNICACION,CONTROLADOR DE CAMARAS,MCA/MOD/,A CERCA DE LA PLACA DEL FABRICANTE
ASSET,MAQUINARIA Y EQUIPO,CONTROLADOR ELECTRONICO,MCA/MOD/,A CERCA DE LA PLACA DEL FABRICANTE
ASSET,EQUIPOS COMUNICACION,CONTROLADOR VIDEO,MCA/MOD/,A CERCA DE LA PLACA DEL FABRICANTE
ASSET,EQUIPOS DE COMPUTO,CONTROLADOR WIRELLES,MCA/MOD/,A CERCA DE LA PLACA DEL FABRICANTE
ASSET,MAQUINARIA Y EQUIPO,CONVERSOR ELETROMAGNETICO,MCA/MOD/,A CERCA DE LA PLACA DEL FABRICANTE
ASSET,EQUIPOS DE COMPUTO,COPIADORA,MCA/MOD/,A CERCA DE LA PLACA DEL FABRICANTE
ASSET,EQUIPOS DIVERSOS,CORTADOR DE GRASS,MCA/MOD/,A CERCA DE LA PLACA DEL FABRICANTE
ASSET,EQUIPOS DIVERSOS,CORTADORA,MCA/MOD/,A CERCA DE LA PLACA DEL FABRICANTE
ASSET,EQUIPOS DIVERSOS,CORTINA DE AIRE,MCA/MOD/LONGITUD EM MM/POTENCIA (COLOCAR UNIDAD),A CERCA DE LA PLACA DEL FABRICANTE
ASSET,MAQUINARIA Y EQUIPO,COSECHADORA,MCA/MOD/DIMENSIÓN (LONG X ANCH X ALT) EN MM,A CERCA DE LA PLACA DEL FABRICANTE
ASSET,MUEBLES,COUNTER DE RECEPCION,MCA/MOD/,SUPERIOR DERECHA
ASSET,MAQUINARIA Y EQUIPO,COZEDOR,MCA/MOD/,A CERCA DE LA PLACA DEL FABRICANTE
ASSET,MUEBLES,CREDENZA,MCA/MOD/,A CERCA DE LA PLACA DEL FABRICANTE
ASSET,MAQUINARIA Y EQUIPO,CRIOTERMOSTATO DE CIRCULACION,MCA/MOD/,A CERCA DE LA PLACA DEL FABRICANTE
ASSET,MAQUINARIA Y EQUIPO,CRISTALIZADOR,MCA/MOD/,A CERCA DE LA PLACA DEL FABRICANTE
ASSET,EQUIPOS DE LABORATORIO,CROMATOGRAFO,MCA/MOD/,A CERCA DE LA PLACA DEL FABRICANTE
ASSET,EQUIPOS DE LABORATORIO,CUARTEADOR DE MUESTRAS,MCA/MOD/,A CERCA DE LA PLACA DEL FABRICANTE
ASSET,EDIFICIOS,CUARTO,,FICTICIO
ASSET,EQUIPOS DIVERSOS,CUBICULO DE MANOBRAS,MCA/MOD/,A CERCA DE LA PLACA DEL FABRICANTE
ASSET,EDIFICIOS,CUBIERTA,MCA/MOD/,FICTICIO
ASSET,MAQUINARIA Y EQUIPO,CUCHILLA PARA MASA,MCA/MOD/,A CERCA DE LA PLACA DEL FABRICANTE
ASSET,EQUIPOS DIVERSOS,DATADOR,MCA/MOD/,A CERCA DE LA PLACA DEL FABRICANTE
ASSET,MAQUINARIA Y EQUIPO,DEAREADOR,MCA/MOD/,A CERCA DE LA PLACA DEL FABRICANTE
ASSET,MAQUINARIA Y EQUIPO,DECANTADOR,MCA/MOD/,A CERCA DE LA PLACA DEL FABRICANTE
ASSET,EQUIPOS DE LABORATORIO,DECIBELIMETRO,MCA/MOD/,A CERCA DE LA PLACA DEL FABRICANTE
ASSET,MAQUINARIA Y EQUIPO,DEMOLEDOR ROMPEDOR,MCA/MOD/,A CERCA DE LA PLACA DEL FABRICANTE
ASSET,EQUIPOS DE LABORATORIO,DENSIMETRO DIGITAL,MCA/MOD/,A CERCA DE LA PLACA DEL FABRICANTE
ASSET,MAQUINARIA Y EQUIPO,DEONISADOR,MCA/MOD/,A CERCA DE LA PLACA DEL FABRICANTE
ASSET,EDIFICIOS,DEPOSITO,,FICTICIO
ASSET,MAQUINARIA Y EQUIPO,DESAERADOR,MCA/MOD/,A CERCA DE LA PLACA DEL FABRICANTE
ASSET,MAQUINARIA Y EQUIPO,DESALINISADOR,MCA/MOD/,A CERCA DE LA PLACA DEL FABRICANTE
ASSET,MAQUINARIA Y EQUIPO,DESAPILADOR,MCA/MOD/,A CERCA DE LA PLACA DEL FABRICANTE
ASSET,MAQUINARIA Y EQUIPO,DESBOBINADORA,MCA/MOD/,A CERCA DE LA PLACA DEL FABRICANTE
ASSET,MAQUINARIA Y EQUIPO,DESBROZADORA,MCA/MOD/,A CERCA DE LA PLACA DEL FABRICANTE
ASSET,MAQUINARIA Y EQUIPO,DESCASCARADORA INDUSTRIAL,MCA/MOD/POTENCIA (PONER LA UNIDAD)/CAPACIDAD (PONER LA UNIDAD)/CAPACIDAD PRODUTIVA EN KG/H/DIMENSION (LARG X ANCH X ALT) EN MM,A CERCA DE LA PLACA DEL FABRICANTE
ASSET,MAQUINARIA Y EQUIPO,DESCHINADORA,MCA/MOD/,A CERCA DE LA PLACA DEL FABRICANTE
ASSET,EQUIPOS DE LABORATORIO,DESECADOR DE VACIO,MCA/MOD/,A CERCA DE LA PLACA DEL FABRICANTE
ASSET,EQUIPOS DIVERSOS,DESFIBRILADOR,MCA/MOD/,A CERCA DE LA PLACA DEL FABRICANTE
ASSET,MAQUINARIA Y EQUIPO,DESHUMIDIFICADOR,MCA/MOD/,A CERCA DE LA PLACA DEL FABRICANTE
ASSET,MAQUINARIA Y EQUIPO,DESHUMIDIFICADOR DE HARINA,MCA/MOD/POTENCIA (PONER LA UNIDAD),A CERCA DE LA PLACA DEL FABRICANTE
ASSET,MUEBLES,DESHUMIDIFICADOR DE OFICINA,MCA/MOD/,A CERCA DE LA PLACA DEL FABRICANTE
ASSET,EQUIPOS DIVERSOS,DESINFESTADOR,MCA/MOD/,A CERCA DE LA PLACA DEL FABRICANTE
ASSET,MAQUINARIA Y EQUIPO,DESINFESTADORA DE HARINA,MCA/MOD/,A CERCA DE LA PLACA DEL FABRICANTE
ASSET,EQUIPOS DIVERSOS,DESIONIZADOR,MCA/MOD/,A CERCA DE LA PLACA DEL FABRICANTE
ASSET,MAQUINARIA Y EQUIPO,DESMENUZADORA,MCA/MOD/,A CERCA DE LA PLACA DEL FABRICANTE
ASSET,EQUIPOS DIVERSOS,DESNATADOR DE ACEITE,MCA/MOD/,A CERCA DE LA PLACA DEL FABRICANTE
ASSET,MAQUINARIA Y EQUIPO,DESODORIZADOR,MCA/MOD/,A CERCA DE LA PLACA DEL FABRICANTE
ASSET,MAQUINARIA Y EQUIPO,DESPALETIZADOR,MCA/MOD/,A CERCA DE LA PLACA DEL FABRICANTE
ASSET,MAQUINARIA Y EQUIPO,DESPEDRADORA,MCA/MOD/,A CERCA DE LA PLACA DEL FABRICANTE
ASSET,MAQUINARIA Y EQUIPO,DESPUNTADORA,MCA/MOD/,A CERCA DE LA PLACA DEL FABRICANTE
ASSET,MAQUINARIA Y EQUIPO,DESTABLETIZADOR,MCA/MOD/,A CERCA DE LA PLACA DEL FABRICANTE
ASSET,MAQUINARIA Y EQUIPO,DESTILADOR,MCA/MOD/ESTRUCTURA (MATERIAL)/CAPACIDAD (PONER LA UNIDADE)/POTENCIA (PONER LA UNIDAD)/TEMPERATURA DE TRABAJO EN GRADOS CELSIUS/DIMENSION (LARG X ANCH X ALT) EN MM,A CERCA DE LA PLACA DEL FABRICANTE
ASSET,EDIFICIOS,DESVIO FERROVIARIO,,FICTICIO
ASSET,MAQUINARIA Y EQUIPO,DETECTOR,MCA/MOD/,A CERCA DE LA PLACA DEL FABRICANTE
ASSET,EQUIPOS DIVERSOS,DETECTOR A VACIO,MCA/MOD/,A CERCA DE LA PLACA DEL FABRICANTE
ASSET,EQUIPOS DIVERSOS,DETECTOR DE DANO,MCA/MOD/,A CERCA DE LA PLACA DEL FABRICANTE
ASSET,MAQUINARIA Y EQUIPO,DETECTOR DE FUGA,MCA/MOD/,A CERCA DE LA PLACA DEL FABRICANTE
ASSET,MAQUINARIA Y EQUIPO,DETECTOR DE GAS,MCA/MOD/,A CERCA DE LA PLACA DEL FABRICANTE
ASSET,MAQUINARIA Y EQUIPO,DETECTOR DE METALES,MCA/MOD/,A CERCA DE LA PLACA DEL FABRICANTE
ASSET,EQUIPOS DE LABORATORIO,DETECTOR DE MICROTRASADORES,MCA/MOD/,A CERCA DE LA PLACA DEL FABRICANTE
ASSET,MAQUINARIA Y EQUIPO,DETECTOR DE TENSION,MCA/MOD/,A CERCA DE LA PLACA DEL FABRICANTE
ASSET,EQUIPOS DE LABORATORIO,DETECTOR MOLECULAR,MCA/MOD/,A CERCA DE LA PLACA DEL FABRICANTE
ASSET,EQUIPOS DE LABORATORIO,DETERMINADOR DE HUMEDAD,MCA/MOD/POTENCIA EN WATTS/TEMPERATURA MAXIMA EN GRADOS CELSIUS,A CERCA DE LA PLACA DEL FABRICANTE
ASSET,MAQUINARIA Y EQUIPO,DIGESTOR,MCA/MOD/,A CERCA DE LA PLACA DEL FABRICANTE
ASSET,EQUIPOS DE LABORATORIO,DIGESTOR DE FIBRA,MCA/MOD/,A CERCA DE LA PLACA DEL FABRICANTE
ASSET,EQUIPOS DE LABORATORIO,DIGESTOR DE PROTEINAS,MCA/MOD/,A CERCA DE LA PLACA DEL FABRICANTE
ASSET,EQUIPOS DE LABORATORIO,DIMENSIONADOR,MCA/MOD/,A CERCA DE LA PLACA DEL FABRICANTE
ASSET,MAQUINARIA Y EQUIPO,DISECADOR,MCA/MOD/,A CERCA DE LA PLACA DEL FABRICANTE
ASSET,MAQUINARIA Y EQUIPO,DISGREGADOR,MCA/MOD/,A CERCA DE LA PLACA DEL FABRICANTE
ASSET,MAQUINARIA Y EQUIPO,DISOLVEDOR,MCA/MOD/,A CERCA DE LA PLACA DEL FABRICANTE
ASSET,MAQUINARIA Y EQUIPO,DISPENSADOR DE PALLETS,MCA/MOD/,A CERCA DE LA PLACA DEL FABRICANTE
ASSET,MAQUINARIA Y EQUIPO,DISTRIBUIDOR DE VAPOR EN ACERO,MCA/MOD/,A CERCA DE LA PLACA DEL FABRICANTE
ASSET,MAQUINARIA Y EQUIPO,DISTRIBUIDOR ROTATIVO,MCA/MOD/,A CERCA DE LA PLACA DEL FABRICANTE
ASSET,MAQUINARIA Y EQUIPO,DISYUNTOR DE ALTO VOLTAJE,MCA/MOD/,A CERCA DE LA PLACA DEL FABRICANTE
ASSET,MAQUINARIA Y EQUIPO,DIVISORA CORTADORA,MCA/MOD/,A CERCA DE LA PLACA DEL FABRICANTE
ASSET,EQUIPOS DIVERSOS,DOBLADERA DE CHAPA/TUBO,MCA/MOD/ESPESOR MAXIMA DE LA CHAPA EM MM,A CERCA DE LA PLACA DEL FABRICANTE
ASSET,EQUIPOS DIVERSOS,DOCA HIDRAULICA,MCA/MOD/,A CERCA DE LA PLACA DEL FABRICANTE
ASSET,MAQUINARIA Y EQUIPO,DOSADOR,MCA/MOD/,A CERCA DE LA PLACA DEL FABRICANTE
ASSET,MAQUINARIA Y EQUIPO,DOSIFICADOR,MCA/MOD/CAPACIDAD (PONER UNIDAD),A CERCA DE LA PLACA DEL FABRICANTE
ASSET,MAQUINARIA Y EQUIPO,DRAGEADEIRA,MCA/MOD/,A CERCA DE LA PLACA DEL FABRICANTE
ASSET,EQUIPOS DIVERSOS,DUCHA DE EMERGENCIA,MCA/MOD/ESTRUCTURA (MATERIAL),A CERCA DE LA PLACA DEL FABRICANTE
ASSET,EQUIPOS DIVERSOS,DUROMETRO,MCA/MOD/,A CERCA DE LA PLACA DEL FABRICANTE
ASSET,MUEBLES,ECRAN DE PROYECCION RETRACTIL,MCA/MOD/DIMENSIÓN (LONG X ALT) EN MM/NÚMERO DE CONE(S),SUPERIOR DERECHA
ASSET,MUEBLES,ECUALIZADOR,MCA/MOD/,A CERCA DE LA PLACA DEL FABRICANTE
ASSET,EDIFICIOS,EDIFICACION,MCA/MOD/,FICTICIO
ASSET,EDIFICIOS,ELEVADOR,MCA/MOD/ESTRUCTURA (MATERIAL)/DIMENSION (LARGO X ANCHO  X ALTURA) EN MM/MOTOR ELECTRICO (COLOCAR UNIDAD),A CERCA DE LA PLACA DEL FABRICANTE
ASSET,EQUIPOS DIVERSOS,ELEVADOR DE BOTELLAS,MCA/MOD/,A CERCA DE LA PLACA DEL FABRICANTE
ASSET,MAQUINARIA Y EQUIPO,ELEVADOR DE CANGILONES,MCA/MOD/ESTRUCTURA (MATERIAL)/DIMENSÃO (LARG X PROF X ALT) EM MM,A CERCA DE LA PLACA DEL FABRICANTE
ASSET,MAQUINARIA Y EQUIPO,ELEVADOR DE CARGA,"MCA/MOD/ESTRUCTURA (MATERIAL)/CAPACIDADE DE CARGA (COLOCAR UNIDADE G, KG OU TON)/POTÊNCIA DO MOTOR ELÉTRICO (COLOCAR UNIDADE)/DIMENSION (ANC X LARG  X ALT) EN MM",A CERCA DE LA PLACA DEL FABRICANTE
ASSET,EQUIPOS DIVERSOS,ELEVADOR DE ROLLOS,MCA/MOD/,A CERCA DE LA PLACA DEL FABRICANTE
ASSET,EQUIPOS DIVERSOS,ELEVADOR DE TALISCA,MCA/MOD/,A CERCA DE LA PLACA DEL FABRICANTE
ASSET,EQUIPOS DIVERSOS,ELEVADOR DE TAPONES,MCA/MOD/,A CERCA DE LA PLACA DEL FABRICANTE
ASSET,MAQUINARIA Y EQUIPO,EMBALADORA,MCA/MOD/,A CERCA DE LA PLACA DEL FABRICANTE
ASSET,MAQUINARIA Y EQUIPO,EMBOLSADORA,MCA/MOD/,A CERCA DE LA PLACA DEL FABRICANTE
ASSET,MAQUINARIA Y EQUIPO,EMPAPELADORA,MCA/MOD/,A CERCA DE LA PLACA DEL FABRICANTE
ASSET,MAQUINARIA Y EQUIPO,EMPAQUETADORA,MCA/MOD/ESTRUCTURA (MATERIAL)/DIMENSION (ANC X LARG X ALT) EN MM,A CERCA DE LA PLACA DEL FABRICANTE
ASSET,MAQUINARIA Y EQUIPO,EMPUJADOR,MCA/MOD/,A CERCA DE LA PLACA DEL FABRICANTE
ASSET,MAQUINARIA Y EQUIPO,ENCAJONADORA,MCA/MOD/ESTRUCTURA (MATERIAL)/DIMENSION (ANC X LARG X ALT) EN MM,A CERCA DE LA PLACA DEL FABRICANTE
ASSET,MAQUINARIA Y EQUIPO,ENCAPSULADORA,MCA/MOD/,A CERCA DE LA PLACA DEL FABRICANTE
ASSET,MAQUINARIA Y EQUIPO,ENCARTONADORA,MCA/MOD/,A CERCA DE LA PLACA DEL FABRICANTE
ASSET,EQUIPOS DIVERSOS,ENCERADORA,MCA/MOD/,A CERCA DE LA PLACA DEL FABRICANTE
ASSET,MAQUINARIA Y EQUIPO,ENCINTADORA,MCA/MOD/,A CERCA DE LA PLACA DEL FABRICANTE
ASSET,MAQUINARIA Y EQUIPO,ENCREMADORA,MCA/MOD/,A CERCA DE LA PLACA DEL FABRICANTE
ASSET,EQUIPOS DIVERSOS,ENDOSCOPIA INDUSTRIAL,MCA/MOD/,A CERCA DE LA PLACA DEL FABRICANTE
ASSET,MAQUINARIA Y EQUIPO,ENFARDADORA,MCA/MOD/ESTRUCTURA (MATERIAL)/DIMENSION (ANC X LARG X ALT) EN MM,A CERCA DE LA PLACA DEL FABRICANTE
ASSET,MAQUINARIA Y EQUIPO,ENFRIADOR,MCA/MOD/ESTRUCTURA (MATERIAL)/DIMENSION (LARGO X ANCHO X ALT) EN MM,A CERCA DE LA PLACA DEL FABRICANTE
ASSET,MAQUINARIA Y EQUIPO,ENGOMADORA,MCA/MOD/,A CERCA DE LA PLACA DEL FABRICANTE
ASSET,MAQUINARIA Y EQUIPO,ENMICADORA,MCA/MOD/,A CERCA DE LA PLACA DEL FABRICANTE
ASSET,MAQUINARIA Y EQUIPO,ENSACADORA,MCA/MOD/,A CERCA DE LA PLACA DEL FABRICANTE
ASSET,EQUIPOS DIVERSOS,ENSUNCHADORA,MCA/MOD/,A CERCA DE LA PLACA DEL FABRICANTE
ASSET,MAQUINARIA Y EQUIPO,ENVASADORA,MCA/MOD/NÚMERO DE BOQUILLAS,A CERCA DE LA PLACA DEL FABRICANTE
ASSET,MAQUINARIA Y EQUIPO,ENVOLVEDORA,MCA/MOD/,A CERCA DE LA PLACA DEL FABRICANTE
ASSET,EQUIPOS DE LABORATORIO,EQUIPO DE ENSAYO UNIVERSAL,MCA/MOD/,A CERCA DE LA PLACA DEL FABRICANTE
ASSET,EQUIPOS DIVERSOS,EQUIPO DE OXICORTE,MCA/MOD/,A CERCA DE LA PLACA DEL FABRICANTE
ASSET,EQUIPOS DIVERSOS,EQUIPO DE RESPIRACION AUTONOMA,MCA/MOD/,A CERCA DE LA PLACA DEL FABRICANTE
ASSET,EQUIPOS DIVERSOS,EQUIPO ENFILADOR,MCA/MOD/,A CERCA DE LA PLACA DEL FABRICANTE
ASSET,MAQUINARIA Y EQUIPO,EQUIPO LOVIBOND,MCA/MOD/,A CERCA DE LA PLACA DEL FABRICANTE
ASSET,EQUIPOS DE LABORATORIO,EQUIPO MULTIPARAMETRO,MCA/MOD/,A CERCA DE LA PLACA DEL FABRICANTE
ASSET,EQUIPOS DE LABORATORIO,EQUIPO P/TEST DE ABRASION,MCA/MOD/,A CERCA DE LA PLACA DEL FABRICANTE
ASSET,EQUIPOS DE LABORATORIO,EQUIPO P/TEST DE FIDEOS,MCA/MOD/,A CERCA DE LA PLACA DEL FABRICANTE
ASSET,EQUIPOS DE LABORATORIO,EQUIPO P/TEST DE SALMONELA,MCA/MOD/,A CERCA DE LA PLACA DEL FABRICANTE
ASSET,EQUIPOS DE LABORATORIO,EQUIPO P/TEST DETERGENTE,MCA/MOD/,A CERCA DE LA PLACA DEL FABRICANTE
ASSET,EQUIPOS DE LABORATORIO,EQUIPO P/TEST DURABILIDAD,MCA/MOD/,A CERCA DE LA PLACA DEL FABRICANTE
ASSET,EQUIPOS DE LABORATORIO,EQUIPO P/TEST UV,MCA/MOD/,A CERCA DE LA PLACA DEL FABRICANTE
ASSET,EQUIPOS DE LABORATORIO,EQUIPO P/TESTE DE FRICCION,MCA/MOD/CAPACIDAD (PONER UNIDAD),A CERCA DE LA PLACA DEL FABRICANTE
ASSET,EQUIPOS DIVERSOS,EQUIPO PROCESADOR DE SALSA,MCA/MOD/,A CERCA DE LA PLACA DEL FABRICANTE
ASSET,EQUIPOS DE LABORATORIO,EQUIPO PRUEBA DE FLUIDEZ,MCA/MOD/,A CERCA DE LA PLACA DEL FABRICANTE
ASSET,EQUIPOS DE LABORATORIO,EQUIPO RESUCITADOR,MCA/MOD/,A CERCA DE LA PLACA DEL FABRICANTE
ASSET,MAQUINARIA Y EQUIPO,EQUIPO TEST DE JABON,MCA/MOD/,A CERCA DE LA PLACA DEL FABRICANTE
ASSET,EQUIPOS DIVERSOS,EQUIPO TOP COVER,MCA/MOD/,A CERCA DE LA PLACA DEL FABRICANTE
ASSET,EQUIPOS DIVERSOS,ESCALERA CON PLATAFORMA,MCA/MOD/,A CERCA DE LA PLACA DEL FABRICANTE
ASSET,MUEBLES,ESCRITORIO,MCA/MOD/ESTRUCTURA (MATERIAL)/ESTRUCTURA TAPA (MATERIAL)/REVESTIMIENTO/NÚMERO DEL CAJONES/NÚMERO DEL MODULOS/DIMENSIÓN (ANC X PROF X ALT) EN MM,SUPERIOR DERECHA
ASSET,EQUIPOS DIVERSOS,ESMERIL,MCA/MOD/NUMERO DE MUELAS/DIÂMETRO DE LA MUELA EN MM/POTENCIA DEL MOTOR ELECTRICO (PONER LA UNIDAD),A CERCA DE LA PLACA DEL FABRICANTE
ASSET,EQUIPOS DE LABORATORIO,ESPECTROFOTOMETRO,MCA/MOD/,A CERCA DE LA PLACA DEL FABRICANTE
ASSET,EQUIPOS DE LABORATORIO,ESPECTROMETRO,MCA/MOD/,A CERCA DE LA PLACA DEL FABRICANTE
ASSET,EQUIPOS DIVERSOS,ESTACION DE CALOR DIGITAL,MCA/MOD/,A CERCA DE LA PLACA DEL FABRICANTE
ASSET,EQUIPOS DIVERSOS,ESTACION DE CARGA,MCA/MOD/,A CERCA DE LA PLACA DEL FABRICANTE
ASSET,EQUIPOS DIVERSOS,ESTACION DE LAVADO Y DESENGRASE,MCA/MOD/,A CERCA DE LA PLACA DEL FABRICANTE
ASSET,EQUIPOS DIVERSOS,ESTACION DE LIMPIEZA,MCA/MOD/,A CERCA DE LA PLACA DEL FABRICANTE
ASSET,EQUIPOS DIVERSOS,ESTACION DE LLAMADA,MCA/MOD/,A CERCA DE LA PLACA DEL FABRICANTE
ASSET,MUEBLES,ESTACION DE TRABAJO PERSONAL,,ESTRUCTURA
ASSET,EQUIPOS DIVERSOS,ESTACION METEOROLOGICA,MCA/MOD/,A CERCA DE LA PLACA DEL FABRICANTE
ASSET,EDIFICIOS,ESTACIONAMIENTO,,FICTICIO
ASSET,MAQUINARIA Y EQUIPO,ESTAMPADORA,MCA/MOD/,A CERCA DE LA PLACA DEL FABRICANTE
ASSET,EQUIPOS DIVERSOS,ESTAMPONADORA,MCA/MOD/,A CERCA DE LA PLACA DEL FABRICANTE
ASSET,MUEBLES,ESTANTE,MCA/MOD/NÚMERO DE REPISAS,SUPERIOR DERECHA
ASSET,MAQUINARIA Y EQUIPO,ESTERILIZADOR,MCA/MOD/,A CERCA DE LA PLACA DEL FABRICANTE
ASSET,MAQUINARIA Y EQUIPO,ESTERILIZADOR DE HARINA,MCA/MOD/,A CERCA DE LA PLACA DEL FABRICANTE
ASSET,MAQUINARIA Y EQUIPO,ESTICADOR DE TELA,MCA/MOD/ESTRUCTURA (MATERIAL)/DIMENSION (LARGO X ANCHO X ALT) EN MM,A CERCA DE LA PLACA DEL FABRICANTE
ASSET,MAQUINARIA Y EQUIPO,ESTIRADORA,MCA/MOD/,A CERCA DE LA PLACA DEL FABRICANTE
ASSET,MAQUINARIA Y EQUIPO,ESTIRADORA DE MASA,MCA/MOD/,A CERCA DE LA PLACA DEL FABRICANTE
ASSET,EQUIPOS DIVERSOS,ESTROBOSCOPIO,MCA/MOD/,A CERCA DE LA PLACA DEL FABRICANTE
ASSET,EDIFICIOS,ESTRUCTURA METALICA,MCA/MOD/Volumen de Hormigón del Cimiento,FICTICIO
ASSET,MAQUINARIA Y EQUIPO,ESTRUSOR DE PELE,MCA/MOD/,A CERCA DE LA PLACA DEL FABRICANTE
ASSET,EQUIPOS DE LABORATORIO,ESTUFA,MCA/MOD/ESTRUCTURA (MATERIAL)/CAPACIDAD (PONER LA UNIDAD)/POTENCIA (PONER LA UNIDAD)/DIMENSION (ANC X LARG X ALT) EN MM,A CERCA DE LA PLACA DEL FABRICANTE
ASSET,EQUIPOS DE LABORATORIO,ESTUFA INCUBADORA,MCA/MOD/,A CERCA DE LA PLACA DEL FABRICANTE
ASSET,MAQUINARIA Y EQUIPO,ETIQUETADORA,MCA/MOD/,A CERCA DE LA PLACA DEL FABRICANTE
ASSET,EQUIPOS DIVERSOS,EVAPORADOR,MCA/MOD/ESTRUCTURA (MATERIAL)/ORIENTACIÓN/DIMENSIÓN (LONG X ANCH X ALT) EN MM/CAPACIDAD (COLOCAR UNIDAD),A CERCA DE LA PLACA DEL FABRICANTE
ASSET,EQUIPOS DIVERSOS,EVAPORADOR DE AIRE,MCA/MOD/,A CERCA DE LA PLACA DEL FABRICANTE
ASSET,MAQUINARIA Y EQUIPO,EVAPORADOR ROTATIVO,MCA/MOD/,A CERCA DE LA PLACA DEL FABRICANTE
ASSET,MAQUINARIA Y EQUIPO,EXAUSTOR,MCA/MOD/,A CERCA DE LA PLACA DEL FABRICANTE
ASSET,MAQUINARIA Y EQUIPO,EXHIBIDOR DE ACEITES,MCA/MOD/,A CERCA DE LA PLACA DEL FABRICANTE
ASSET,MUEBLES,EXHIBIDOR DE COMIDA CALIENTE OU FRIA,MCA/MOD/,A CERCA DE LA PLACA DEL FABRICANTE
ASSET,MAQUINARIA Y EQUIPO,EXHIBIDOR DE MANTECAS,MCA/MOD/,A CERCA DE LA PLACA DEL FABRICANTE
ASSET,MAQUINARIA Y EQUIPO,EXTENDEDORA,MCA/MOD/,A CERCA DE LA PLACA DEL FABRICANTE
ASSET,EQUIPOS DE LABORATORIO,EXTENSOGRAFO,MCA/MOD/,A CERCA DE LA PLACA DEL FABRICANTE
ASSET,EQUIPOS DIVERSOS,EXTINTOR RODANTE UNIDAD DE ESPUMA,MCA/MOD/,A CERCA DE LA PLACA DEL FABRICANTE
ASSET,MAQUINARIA Y EQUIPO,"EXTRACTOR (POT ≥ 3 HP OU 2,23 KW)",MCA/MOD/,A CERCA DE LA PLACA DEL FABRICANTE
ASSET,MAQUINARIA Y EQUIPO,"EXTRACTOR AXIAL (POT ≥ 3 HP OU 2,23 KW)",MCA/MOD/,A CERCA DE LA PLACA DEL FABRICANTE
ASSET,MAQUINARIA Y EQUIPO,"EXTRACTOR CENTRIFUGO (POT ≥ 3 HP OU 2,23 KW)",MCA/MOD/,A CERCA DE LA PLACA DEL FABRICANTE
ASSET,MAQUINARIA Y EQUIPO,EXTRACTOR DE ACEITE,MCA/MOD/,A CERCA DE LA PLACA DEL FABRICANTE
ASSET,MAQUINARIA Y EQUIPO,EXTRACTOR DE POLVO,MCA/MOD/,A CERCA DE LA PLACA DEL FABRICANTE
ASSET,MAQUINARIA Y EQUIPO,EXTRACTOR HIDRAULICO,MCA/MOD/,A CERCA DE LA PLACA DEL FABRICANTE
ASSET,MAQUINARIA Y EQUIPO,EXTRACTOR VAPORES ORGANICOS,MCA/MOD/,A CERCA DE LA PLACA DEL FABRICANTE
ASSET,MAQUINARIA Y EQUIPO,EXTRACTORA DE GRANOS,MCA/MOD/,A CERCA DE LA PLACA DEL FABRICANTE
ASSET,MAQUINARIA Y EQUIPO,EXTRUSORA,MCA/MOD/ESTRUCTURA (MATERIAL)/REVESTIMIENTO/DIMENSION (ANCH X PROF X ALT) EN MM,A CERCA DE LA PLACA DEL FABRICANTE
ASSET,EQUIPOS DE LABORATORIO,FABRICADOR DE HIELO,MCA/MOD/,A CERCA DE LA PLACA DEL FABRICANTE
ASSET,MAQUINARIA Y EQUIPO,FAJA TRANSPORTADORA,MCA/MOD/TIPO/ESTRUCTURA (MATERIAL)/MATERIAL FAJA/POTENCIA DEL MOTOR (COLOCAR UNIDAD)/DIMENSION (LARGO X ANCHO X ALT) EN MM,A CERCA DE LA PLACA DEL FABRICANTE
ASSET,EQUIPOS DE LABORATORIO,FARINOGRAFO,MCA/MOD/,A CERCA DE LA PLACA DEL FABRICANTE
ASSET,EQUIPOS COMUNICACION,FAX,MCA/MOD/,A CERCA DE LA PLACA DEL FABRICANTE
ASSET,MAQUINARIA Y EQUIPO,FILTRO,MCA/MOD/ESTRUCTURA (MATERIAL)/HORIZONTAL;VERTICAL/NUMERO DE MANGAS/CAPACIDAD (PONER LA UNIDAD)/DIMENSION (LARG X ANCH X ALT) EN MM,A CERCA DE LA PLACA DEL FABRICANTE
ASSET,MAQUINARIA Y EQUIPO,FILTRO ABLANDADOR,MCA/MOD/,A CERCA DE LA PLACA DEL FABRICANTE
ASSET,MAQUINARIA Y EQUIPO,FILTRO DE MANGAS,MCA/MOD/,A CERCA DE LA PLACA DEL FABRICANTE
ASSET,MAQUINARIA Y EQUIPO,FILTRO DE PROCESO,MCA/MOD/,A CERCA DE LA PLACA DEL FABRICANTE
ASSET,MAQUINARIA Y EQUIPO,FILTRO MALLA,MCA/MOD/,A CERCA DE LA PLACA DEL FABRICANTE
ASSET,MAQUINARIA Y EQUIPO,FILTRO PRENSA,MCA/MOD/,A CERCA DE LA PLACA DEL FABRICANTE
ASSET,EQUIPOS DE COMPUTO,FIREWALL,MCA/MOD/,A CERCA DE LA PLACA DEL FABRICANTE
ASSET,MAQUINARIA Y EQUIPO,FLOCULADOR,MCA/MOD/ESTRUCTURA (MATERIAL)/CAPACIDAD (COLOCAR UNIDAD)/DIMENSIÓN (ALT X ANC X PROF) EN MM,A CERCA DE LA PLACA DEL FABRICANTE
ASSET,MAQUINARIA Y EQUIPO,FLOTADOR,MCA/MOD/,A CERCA DE LA PLACA DEL FABRICANTE
ASSET,EQUIPOS DE LABORATORIO,FLUJOMETRO,MCA/MOD/ESTRUTURA (MATERIAL)/DIMENSÃO (LARG X PROF X ALT) EM MM/CAPACIDADE (COLOCAR UNIDADE),A CERCA DE LA PLACA DEL FABRICANTE
ASSET,MAQUINARIA Y EQUIPO,FORMADOR DE BOLSA,MCA/MOD/,A CERCA DE LA PLACA DEL FABRICANTE
ASSET,MAQUINARIA Y EQUIPO,FORMADORA DE CAJAS,MCA/MOD/,A CERCA DE LA PLACA DEL FABRICANTE
ASSET,EQUIPOS DIVERSOS,FUMIGADORA,MCA/MOD/,A CERCA DE LA PLACA DEL FABRICANTE
ASSET,INTANGIBLES,FORMULACIONES INDUSTRIALES,,
ASSET,EDIFICIOS,FOSA,,FICTICIO
ASSET,EQUIPOS DE COMPUTO,FOTOCOPIADORA,MCA/MOD/,A CERCA DE LA PLACA DEL FABRICANTE
ASSET,EQUIPOS DE LABORATORIO,FOTOMETRO,MCA/MOD/,A CERCA DE LA PLACA DEL FABRICANTE
ASSET,MUEBLES,FREEZER,MCA/MOD/ORIENTACIÓN/CAPACIDAD EN LITROS,A CERCA DE LA PLACA DEL FABRICANTE
ASSET,EQUIPOS DIVERSOS,FREIDORA,MCA/MOD/,A CERCA DE LA PLACA DEL FABRICANTE
ASSET,MAQUINARIA Y EQUIPO,FRESADORA,MCA/MOD/,A CERCA DE LA PLACA DEL FABRICANTE
ASSET,EQUIPOS DIVERSOS,FRITADORA A GAS,MCA/MOD/,A CERCA DE LA PLACA DEL FABRICANTE
ASSET,MAQUINARIA Y EQUIPO,FRITADORA ELECTRICA,MCA/MOD/,A CERCA DE LA PLACA DEL FABRICANTE
ASSET,EQUIPOS DIVERSOS,FUENTE DE ALIMENTACION (POT ≥ 4 KVA),MCA/MOD/POTENCIA (PONER LA UNIDAD),A CERCA DE LA PLACA DEL FABRICANTE
ASSET,EDIFICIOS,GALPON,MCA/MOD/,FICTICIO
ASSET,EQUIPOS DIVERSOS,GATO HIDRAULICO (POT ≥ 10 TON),MCA/MOD/,A CERCA DE LA PLACA DEL FABRICANTE
ASSET,MAQUINARIA Y EQUIPO,GENERADOR,MCA/MOD/CAPACIDAD DEL GENERADOR EN KVA/MARCA DEL MOTOR/POTENCIA DEL MOTOR (PONER LA UNIDAD)/CAPACIDAD DEL TANQUE EN LITROS,A CERCA DE LA PLACA DEL FABRICANTE
ASSET,EQUIPOS DE LABORATORIO,GLUTOMOGRAFO,MCA/MOD/,A CERCA DE LA PLACA DEL FABRICANTE
ASSET,MUEBLES,GRABADOR DE VIDEO DIGITAL,MCA/MOD/,A CERCA DE LA PLACA DEL FABRICANTE
ASSET,EQUIPOS DIVERSOS,GRUA HIDRAULICA,MCA/MOD/,A CERCA DE LA PLACA DEL FABRICANTE
ASSET,MAQUINARIA Y EQUIPO,GRUPO ELECTROGENO,MCA/MOD/CAPACIDAD DEL GENERADOR EN KVA/MARCA DEL MOTOR/POTENCIA DEL MOTOR (PONER LA UNIDAD)/CAPACIDAD DEL TANQUE EN LITROS,A CERCA DE LA PLACA DEL FABRICANTE
ASSET,MAQUINARIA Y EQUIPO,GUILHOTINA PARA ANALISIS,MCA/MOD/,A CERCA DE LA PLACA DEL FABRICANTE
ASSET,EQUIPOS DIVERSOS,GUILLOTINA INDUSTRIAL,MCA/MOD/,A CERCA DE LA PLACA DEL FABRICANTE
ASSET,EQUIPOS DIVERSOS,GUINCHE,MCA/MOD/CAPACIDAD (PONER UNIDAD),A CERCA DE LA PLACA DEL FABRICANTE
ASSET,MAQUINARIA Y EQUIPO,GUINCHO HIDRAULICO,MCA/MOD/,A CERCA DE LA PLACA DEL FABRICANTE
ASSET,EQUIPOS DIVERSOS,HIDROCICLON,MCA/MOD/,A CERCA DE LA PLACA DEL FABRICANTE
ASSET,MAQUINARIA Y EQUIPO,HIDROGENADOR,MCA/MOD/,A CERCA DE LA PLACA DEL FABRICANTE
ASSET,EQUIPOS DIVERSOS,HIDROLAVADORA,MCA/MOD/,A CERCA DE LA PLACA DEL FABRICANTE
ASSET,EQUIPOS DE LABORATORIO,HIGROTERMOGRAFO,MCA/MOD/,A CERCA DE LA PLACA DEL FABRICANTE
ASSET,MAQUINARIA Y EQUIPO,HOMOGENIZADOR,MCA/MOD/,A CERCA DE LA PLACA DEL FABRICANTE
ASSET,EQUIPOS DE LABORATORIO,HOMOGENIZADOR DE TEJIDOS,MCA/MOD/,A CERCA DE LA PLACA DEL FABRICANTE
ASSET,MAQUINARIA Y EQUIPO,HORNO,MCA/MOD/POTENCIA (PONER LA UNIDAD)/TEMPERATURA MÁXIMA (COLOCAR UNIDAD),A CERCA DE LA PLACA DEL FABRICANTE
ASSET,MAQUINARIA Y EQUIPO,HORNO DE CONTRACCION,MCA/MOD/POTENCIA (PONER LA UNIDAD)/TEMPERATURA MÁXIMA (COLOCAR UNIDAD),A CERCA DE LA PLACA DEL FABRICANTE
ASSET,EQUIPOS DE LABORATORIO,HORNO DE ESTERILIZACION,MCA/MOD/CAPACIDAD (PONER UNIDAD)/POTENCIA DEL INVERNADERO (COLOCAR UNIDAD),A CERCA DE LA PLACA DEL FABRICANTE
ASSET,EQUIPOS DE LABORATORIO,HORNO DE LABORATORIO,MCA/MOD/CAPACIDAD (PONER UNIDAD)/POTENCIA (PONER LA UNIDAD),A CERCA DE LA PLACA DEL FABRICANTE
ASSET,MUEBLES,HORNO DE MICROONDAS,MCA/MOD/CAPACIDAD EN LITROS/POTENCIA EN WATTS,A CERCA DE LA PLACA DEL FABRICANTE
ASSET,MUEBLES,HORNO ELECTRICO,MCA/MOD/CAPACIDAD EN LITROS/POTENCIA EN WATTS,A CERCA DE LA PLACA DEL FABRICANTE
ASSET,MAQUINARIA Y EQUIPO,HUMIDIFICADOR,MCA/MOD/,A CERCA DE LA PLACA DEL FABRICANTE
ASSET,EQUIPOS DIVERSOS,IMAN INDUSTRIAL,MCA/MOD/,A CERCA DE LA PLACA DEL FABRICANTE
ASSET,EQUIPOS DE COMPUTO,IMPRESORA,MCA/MOD/,A CERCA DE LA PLACA DEL FABRICANTE
ASSET,EQUIPOS DE COMPUTO,IMPRESORA 3D,MCA/MOD/,A CERCA DE LA PLACA DEL FABRICANTE
ASSET,EQUIPOS DE COMPUTO,IMPRESORA DE ETIQUETAS,MCA/MOD/,A CERCA DE LA PLACA DEL FABRICANTE
ASSET,MAQUINARIA Y EQUIPO,IMPRESORA INDUSTRIAL DE ENVASES,MCA/MOD/,A CERCA DE LA PLACA DEL FABRICANTE
ASSET,EQUIPOS DE COMPUTO,IMPRESORA INYECCION DE TINTA,MCA/MOD/,A CERCA DE LA PLACA DEL FABRICANTE
ASSET,EQUIPOS DE COMPUTO,IMPRESORA LASER,MCA/MOD/,A CERCA DE LA PLACA DEL FABRICANTE
ASSET,EQUIPOS DE COMPUTO,IMPRESORA MULTIFUNCIONAL,MCA/MOD/,A CERCA DE LA PLACA DEL FABRICANTE
ASSET,EQUIPOS DE COMPUTO,IMPRESORA PLOTTER,MCA/MOD/,A CERCA DE LA PLACA DEL FABRICANTE
ASSET,MAQUINARIA Y EQUIPO,INCUBADORA,MCA/MOD/,A CERCA DE LA PLACA DEL FABRICANTE
ASSET,MAQUINARIA Y EQUIPO,INSERTADORA,MCA/MOD/,A CERCA DE LA PLACA DEL FABRICANTE
ASSET,MAQUINARIA Y EQUIPO,INSOLADORA,MCA/MOD/,A CERCA DE LA PLACA DEL FABRICANTE
ASSET,EQUIPOS DIVERSOS,INSPETOR DE TAPAS,MCA/MOD/,A CERCA DE LA PLACA DEL FABRICANTE
ASSET,MAQUINARIA Y EQUIPO,INTERCAMBIADOR DE CALOR,MCA/MOD/ESTRUCTURA (MATERIAL)/ORIENTACIÓN/DIMENSIÓN (LONG X ANCH X ALT) EN MM/AREA DE INTERCAMBIO (COLOCAR UNIDAD),A CERCA DE LA PLACA DEL FABRICANTE
ASSET,EQUIPOS DIVERSOS,INTERCOMUNICADOR,MCA/MOD/,A CERCA DE LA PLACA DEL FABRICANTE
ASSET,GOODWILL,INVENTARIOS,,
ASSET,MAQUINARIA Y EQUIPO,INYECTORA,MCA/MOD/,A CERCA DE LA PLACA DEL FABRICANTE
ASSET,EQUIPOS DE COMPUTO,IPAD,MCA/MOD/,A CERCA DE LA PLACA DEL FABRICANTE
ASSET,EQUIPOS DIVERSOS,JAULA DE RESIDUOS,MCA/MOD/,A CERCA DE LA PLACA DEL FABRICANTE
ASSET,EDIFICACIONES,LAGUNA,MCA/MOD/,FICTICIO
ASSET,MAQUINARIA Y EQUIPO,LAMINADOR,MCA/MOD/,A CERCA DE LA PLACA DEL FABRICANTE
ASSET,MAQUINARIA Y EQUIPO,LAMINADOR MASA,MCA/MOD/,A CERCA DE LA PLACA DEL FABRICANTE
ASSET,INTANGIBLES,LANZAMIENTOS PUBLICITARIOS,,
ASSET,EQUIPOS DE COMPUTO,LAPTOP,MCA/MOD/,A CERCA DE LA PLACA DEL FABRICANTE
ASSET,EQUIPOS DIVERSOS,LAVA OJOS DE EMERGENCIA,MCA/MOD/ESTRUCTURA (MATERIAL),A CERCA DE LA PLACA DEL FABRICANTE
ASSET,MAQUINARIA Y EQUIPO,LAVA PIEZAS,MCA/MOD/,A CERCA DE LA PLACA DEL FABRICANTE
ASSET,MAQUINARIA Y EQUIPO,LAVADOR DE GASES,MCA/MOD/,A CERCA DE LA PLACA DEL FABRICANTE
ASSET,EQUIPOS DIVERSOS,LAVADOR UMIDO,MCA/MOD/,A CERCA DE LA PLACA DEL FABRICANTE
ASSET,MAQUINARIA Y EQUIPO,LAVADORA,MCA/MOD/FLUJO (PONER LA UNIDAD)/PRESION (PONER LA UNIDAD)/POTENCIA DEL MOTOR ELECTRICO (PONER LA UNIDAD),A CERCA DE LA PLACA DEL FABRICANTE
ASSET,MAQUINARIA Y EQUIPO,LAVADORA DE BANDEJAS,MCA/MOD/,A CERCA DE LA PLACA DEL FABRICANTE
ASSET,MUEBLES,LAVADORA DE ROPA,MCA/MOD/CAPACIDAD EN LITROS/POTENCIA (PONER LA UNIDAD),A CERCA DE LA PLACA DEL FABRICANTE
ASSET,EQUIPOS DIVERSOS,LAVATORIO DE MANOS,MCA/MOD/ESTRUCTURA (MATERIAL)/DIMENSION (LOG X ANC X ALT) EN MM,A CERCA DE LA PLACA DEL FABRICANTE
ASSET,EQUIPOS DIVERSOS,LECTORA DE MICROPLACAS,MCA/MOD/ESTRUCTURA (MATERIAL)/DIMENSION (LOG X ANC X ALT) EN MM,A CERCA DE LA PLACA DEL FABRICANTE
ASSET,INTANGIBLES,LICENCIAS,,
ASSET,MUEBLES,LICUADORA INDUSTRIAL,MCA/MOD/POTENCIA (PONER LA UNIDAD)/CAPACIDAD (PONER LA UNIDAD),A CERCA DE LA PLACA DEL FABRICANTE
ASSET,EQUIPOS DIVERSOS,LIJADORA DE COLUMNA,MCA/MOD/,A CERCA DE LA PLACA DEL FABRICANTE
ASSET,EQUIPOS DIVERSOS,LIJADORA DE FAJAS,MCA/MOD/,A CERCA DE LA PLACA DEL FABRICANTE
ASSET,MAQUINARIA Y EQUIPO,LIMPIADORA,MCA/MOD/,A CERCA DE LA PLACA DEL FABRICANTE
ASSET,MAQUINARIA Y EQUIPO,LIMPIADORA DE AIRE,MCA/MOD/,A CERCA DE LA PLACA DEL FABRICANTE
ASSET,INSTALACIONES,LINEA DE VIDA,,FICTICIO
ASSET,EDIFICIOS,LINEA FERREA,,FICTICIO
ASSET,EQUIPOS DE LABORATORIO,LIOFILIZADOR,MCA/MOD/,A CERCA DE LA PLACA DEL FABRICANTE
ASSET,INTANGIBLES,LISTA DE CLIENTES,,
ASSET,EQUIPOS DIVERSOS,LLAVE DE IMPACTO,MCA/MOD/,A CERCA DE LA PLACA DEL FABRICANTE
ASSET,MAQUINARIA Y EQUIPO,LLAVE SECCIONADORA,MCA/MOD/CAPACIDAD (PONER UNIDAD),A CERCA DE LA PLACA DEL FABRICANTE
ASSET,MAQUINARIA Y EQUIPO,LLENADORA,MCA/MOD/DIMENSIÓN (LONG X ANCH X ALT) EN MM,A CERCA DE LA PLACA DEL FABRICANTE
ASSET,EQUIPOS DIVERSOS,LOCALIZADOR DE CABLES,MCA/MOD/,A CERCA DE LA PLACA DEL FABRICANTE
ASSET,EQUIPOS DE LABORATORIO,LUMINOMETRO,MCA/MOD/,A CERCA DE LA PLACA DEL FABRICANTE
ASSET,MUEBLES,LUSTRADORA,MCA/MOD/,A CERCA DE LA PLACA DEL FABRICANTE
ASSET,EQUIPOS DE LABORATORIO,LUXOMETRO,MCA/MOD/,A CERCA DE LA PLACA DEL FABRICANTE
ASSET,MAQUINARIA Y EQUIPO,MANIPULADOR,MCA/MOD/,A CERCA DE LA PLACA DEL FABRICANTE
ASSET,MAQUINARIA Y EQUIPO,MANIPULADOR DE AIRE,MCA/MOD/,A CERCA DE LA PLACA DEL FABRICANTE
ASSET,MUEBLES,GABINETES PARA ALMACENAR PLANOS,MCA/MOD/,A CERCA DE LA PLACA DEL FABRICANTE
ASSET,MAQUINARIA Y EQUIPO,MAQUINA CERRADORA DE CAJAS,MCA/MOD/,A CERCA DE LA PLACA DEL FABRICANTE
ASSET,EQUIPOS DIVERSOS,MAQUINA DE ADHESIVO,MCA/MOD/,A CERCA DE LA PLACA DEL FABRICANTE
ASSET,MAQUINARIA Y EQUIPO,MAQUINA DE CHOCOLATE,MCA/MOD/,A CERCA DE LA PLACA DEL FABRICANTE
ASSET,MAQUINARIA Y EQUIPO,MAQUINA DE CORTE,MCA/MOD/ESTRUCTURA (MATERIAL)/POTENCIA (PONER LAUNIDAD)/DIMENSION (LARG X ANCH X ALT) EN MM,A CERCA DE LA PLACA DEL FABRICANTE
ASSET,MAQUINARIA Y EQUIPO,MAQUINA DE COSER,MCA/MOD/,A CERCA DE LA PLACA DEL FABRICANTE
ASSET,MAQUINARIA Y EQUIPO,MAQUINA DE EMBALAJE AUTOMATICA,MCA/MOD/,A CERCA DE LA PLACA DEL FABRICANTE
ASSET,MAQUINARIA Y EQUIPO,MAQUINA DE HIELO,MCA/MOD/,A CERCA DE LA PLACA DEL FABRICANTE
ASSET,MAQUINARIA Y EQUIPO,MAQUINA DE INSPECCION,MCA/MOD/,A CERCA DE LA PLACA DEL FABRICANTE
ASSET,EQUIPOS DIVERSOS,MAQUINA DE MOLDES DE CERA,MCA/MOD/,A CERCA DE LA PLACA DEL FABRICANTE
ASSET,MAQUINARIA Y EQUIPO,MAQUINA DE REVESTIMIENTO,MCA/MOD/,A CERCA DE LA PLACA DEL FABRICANTE
ASSET,EQUIPOS DIVERSOS,MAQUINA DE SOLDADURA,MCA/MOD/POTENCIA (PONER LA UNIDAD)/CORRIENTE EN AMPERIOS/CANTIDAD DE SOPLETES,A CERCA DE LA PLACA DEL FABRICANTE
ASSET,EQUIPOS DIVERSOS,MAQUINA INJECTORA DE GOMA,MCA/MOD/,A CERCA DE LA PLACA DEL FABRICANTE
ASSET,EQUIPOS DIVERSOS,MAQUINA LAVADORA DE PARTES,MCA/MOD/,A CERCA DE LA PLACA DEL FABRICANTE
ASSET,MUEBLES,MAQUINA LAVALOZA,MCA/MOD/,A CERCA DE LA PLACA DEL FABRICANTE
ASSET,MAQUINARIA Y EQUIPO,MAQUINA PLODDER,MCA/MOD/,A CERCA DE LA PLACA DEL FABRICANTE
ASSET,EQUIPOS DIVERSOS,MAQUINA PRUEBA DE CAIDA,MCA/MOD/,A CERCA DE LA PLACA DEL FABRICANTE
ASSET,EQUIPOS DIVERSOS,MAQUINA TABLETEADORA,MCA/MOD/,A CERCA DE LA PLACA DEL FABRICANTE
ASSET,EQUIPOS DIVERSOS,MAQUINA TAPA BOTELHA,MCA/MOD/,A CERCA DE LA PLACA DEL FABRICANTE
ASSET,EQUIPOS COMUNICACION,MARCADOR DIGITAL C/ RECONOC. FACIAL,MCA/MOD/,A CERCA DE LA PLACA DEL FABRICANTE
ASSET,INTANGIBLES,MARCAS,,
ASSET,EQUIPOS DE LABORATORIO,MARTILLO PARA ANALISIS MODAL,MCA/MOD/,A CERCA DE LA PLACA DEL FABRICANTE
ASSET,EQUIPOS DIVERSOS,MEDIDOR A LASER,MCA/MOD/,A CERCA DE LA PLACA DEL FABRICANTE
ASSET,EQUIPOS DIVERSOS,MEDIDOR ANALISADOR DE FREQUENCIA,MCA/MOD/,A CERCA DE LA PLACA DEL FABRICANTE
ASSET,EQUIPOS DIVERSOS,MEDIDOR DE ACEITE,MCA/MOD/,A CERCA DE LA PLACA DEL FABRICANTE
ASSET,EQUIPOS DE LABORATORIO,MEDIDOR DE ACTIVIDAD DE AGUA,MCA/MOD/,A CERCA DE LA PLACA DEL FABRICANTE
ASSET,EQUIPOS DIVERSOS,MEDIDOR DE AGUA,MCA/MOD/,A CERCA DE LA PLACA DEL FABRICANTE
ASSET,EQUIPOS DIVERSOS,MEDIDOR DE AISLAMIENTO,MCA/MOD/,A CERCA DE LA PLACA DEL FABRICANTE
ASSET,MAQUINARIA Y EQUIPO,MEDIDOR DE ALTURA,MCA/MOD/,A CERCA DE LA PLACA DEL FABRICANTE
ASSET,EQUIPOS DE LABORATORIO,MEDIDOR DE BRILLO,MCA/MOD/,A CERCA DE LA PLACA DEL FABRICANTE
ASSET,EQUIPOS DE LABORATORIO,MEDIDOR DE CAMPO MAGNETICO,MCA/MOD/,A CERCA DE LA PLACA DEL FABRICANTE
ASSET,EQUIPOS DIVERSOS,MEDIDOR DE CAUDAL,MCA/MOD/,A CERCA DE LA PLACA DEL FABRICANTE
ASSET,EQUIPOS DIVERSOS,MEDIDOR DE CLIMATIZACION,MCA/MOD/,A CERCA DE LA PLACA DEL FABRICANTE
ASSET,EQUIPOS DE LABORATORIO,MEDIDOR DE COHESION,MCA/MOD/,A CERCA DE LA PLACA DEL FABRICANTE
ASSET,EQUIPOS DE LABORATORIO,MEDIDOR DE CONDUTIVIDAD,MCA/MOD/,A CERCA DE LA PLACA DEL FABRICANTE
ASSET,EQUIPOS DIVERSOS,MEDIDOR DE DISTANCIA LÁSER,MCA/MOD/,A CERCA DE LA PLACA DEL FABRICANTE
ASSET,EQUIPOS DE LABORATORIO,MEDIDOR DE DUREZA,MCA/MOD/,A CERCA DE LA PLACA DEL FABRICANTE
ASSET,EQUIPOS DIVERSOS,MEDIDOR DE ESPESURA (DIGITAL),MCA/MOD/,A CERCA DE LA PLACA DEL FABRICANTE
ASSET,MAQUINARIA Y EQUIPO,MEDIDOR DE FLUJO,MCA/MOD/,A CERCA DE LA PLACA DEL FABRICANTE
ASSET,EQUIPOS DE LABORATORIO,MEDIDOR DE FUERZA,MCA/MOD/,A CERCA DE LA PLACA DEL FABRICANTE
ASSET,EQUIPOS DE LABORATORIO,MEDIDOR DE GAS,MCA/MOD/,A CERCA DE LA PLACA DEL FABRICANTE
ASSET,EQUIPOS DE LABORATORIO,MEDIDOR DE GOTAS,MCA/MOD/,A CERCA DE LA PLACA DEL FABRICANTE
ASSET,EQUIPOS DIVERSOS,MEDIDOR DE HIDRATACION,MCA/MOD/,A CERCA DE LA PLACA DEL FABRICANTE
ASSET,EQUIPOS DE LABORATORIO,MEDIDOR DE LONGITUD,MCA/MOD/,A CERCA DE LA PLACA DEL FABRICANTE
ASSET,EQUIPOS DIVERSOS,MEDIDOR DE NIVEL,MCA/MOD/,A CERCA DE LA PLACA DEL FABRICANTE
ASSET,EQUIPOS DE LABORATORIO,MEDIDOR DE OXIGENO,MCA/MOD/,A CERCA DE LA PLACA DEL FABRICANTE
ASSET,EQUIPOS DIVERSOS,MEDIDOR DE PESO ESPECIFICO,MCA/MOD/,A CERCA DE LA PLACA DEL FABRICANTE
ASSET,EQUIPOS DIVERSOS,MEDIDOR DE PH,MCA/MOD/,A CERCA DE LA PLACA DEL FABRICANTE
ASSET,EQUIPOS DIVERSOS,MEDIDOR DE PRESION,MCA/MOD/,A CERCA DE LA PLACA DEL FABRICANTE
ASSET,EQUIPOS DE LABORATORIO,MEDIDOR DE PUNTO DE INFLAMACION,MCA/MOD/,A CERCA DE LA PLACA DEL FABRICANTE
ASSET,EQUIPOS DE LABORATORIO,MEDIDOR DE TEMPERATURA,MCA/MOD/,A CERCA DE LA PLACA DEL FABRICANTE
ASSET,EQUIPOS DIVERSOS,MEDIDOR DE TENSIÓN,MCA/MOD/,A CERCA DE LA PLACA DEL FABRICANTE
ASSET,EQUIPOS DE LABORATORIO,MEDIDOR DE TORQUE,MCA/MOD/,A CERCA DE LA PLACA DEL FABRICANTE
ASSET,EQUIPOS DIVERSOS,MEDIDOR DE VAPOR,MCA/MOD/,A CERCA DE LA PLACA DEL FABRICANTE
ASSET,EQUIPOS DIVERSOS,MEDIDOR DE VAZAO,MCA/MOD/,A CERCA DE LA PLACA DEL FABRICANTE
ASSET,EQUIPOS DIVERSOS,MEDIDOR DE VIBRACIÓN,MCA/MOD/,A CERCA DE LA PLACA DEL FABRICANTE
ASSET,EQUIPOS DIVERSOS,MEDIDOR DIGITAL DE FUERZA,MCA/MOD/,A CERCA DE LA PLACA DEL FABRICANTE
ASSET,EQUIPOS DIVERSOS,MEDIDOR INSPECCION TRAMPAS VAPOR,MCA/MOD/,A CERCA DE LA PLACA DEL FABRICANTE
ASSET,MAQUINARIA Y EQUIPO,MEDIDOR KWH,MCA/MOD/,A CERCA DE LA PLACA DEL FABRICANTE
ASSET,EQUIPOS DIVERSOS,MEDIDOR PUERTATIL ANALISZER,MCA/MOD/,A CERCA DE LA PLACA DEL FABRICANTE
ASSET,EQUIPOS DE LABORATORIO,MEDIDOR RESPIROMETRICO,MCA/MOD/,A CERCA DE LA PLACA DEL FABRICANTE
ASSET,MUEBLES,MESA,MCA/MOD/NÚMERO DE CAJONES,SUPERIOR DERECHA
ASSET,MAQUINARIA Y EQUIPO,MESA ALIMENTADORA GIRATORIA,MCA/MOD/,A CERCA DE LA PLACA DEL FABRICANTE
ASSET,MUEBLES,MESA AUXILIAR,MCA/MOD/TIPO/ESTRUCTURA (MATERIAL)/ESTRUCTURA TAMPO (MATERIAL)/ACABADO/NÚMERO DEL PUERTAS/NÚMERO DEL CAJONES/DIMENSION (ANC X PROF X ALT),SUPERIOR DERECHA
ASSET,MUEBLES,MESA DE DESEMPENO,MCA/MOD/DIMENSIÓN (LONG X ANCH X ALT) EN MM,ESTRUCTURA
ASSET,MUEBLES,MESA DE JUEGO,MCA/MOD/,A CERCA DE LA PLACA DEL FABRICANTE
ASSET,MAQUINARIA Y EQUIPO,MESA DE PRUEBA DE ROLLOS,MCA/MOD/CAPACIDAD (PONER UNIDAD),A CERCA DE LA PLACA DEL FABRICANTE
ASSET,MUEBLES,MESA DE REUNIONES,MCA/MOD/NUMERO DE ASIENTOS,SUPERIOR DERECHA
ASSET,EQUIPOS DIVERSOS,MESA DE SONIDO,MCA/MOD/,A CERCA DE LA PLACA DEL FABRICANTE
ASSET,EQUIPOS DIVERSOS,MESA DENSIMETRICA,MCA/MOD/,A CERCA DE LA PLACA DEL FABRICANTE
ASSET,MUEBLES,MESA P/COMEDOR,MCA/MOD/ESTRUCTURA (MATERIAL)/CANTIDAD DE ASIENTOS/DIMENSION (LARG X ANCH X ALT) EN MM,SUPERIOR DERECHA
ASSET,MAQUINARIA Y EQUIPO,MEZCLADORA INDUSTRIAL,MCA/MOD/ESTRUCTURA (MATERIAL)/CAP/POTENCIA (PONER LA UNIDAD)/DIMENSION (ANC X LARGO X ALT),A CERCA DE LA PLACA DEL FABRICANTE
ASSET,EQUIPOS DE COMPUTO,MICROCOMPUTADORA,MCA/MOD/PROCESADOR/MEMORIA RAM (PONER LA UNIDAD MB/GB/TB)/HD (PONER LA UNIDAD MB/GB/TB),A CERCA DE LA PLACA DEL FABRICANTE
ASSET,EQUIPOS DE LABORATORIO,MICROSCOPIO,MCA/MOD/TIPO,A CERCA DE LA PLACA DEL FABRICANTE
ASSET,MUEBLES,MINIBAR,MCA/MOD/CAPACIDAD EN LITROS,SUPERIOR DERECHA
ASSET,EQUIPOS DE LABORATORIO,MINIINCUBADORA,MCA/MOD/,A CERCA DE LA PLACA DEL FABRICANTE
ASSET,MAQUINARIA Y EQUIPO,MISTURADOR,MCA/MOD/,A CERCA DE LA PLACA DEL FABRICANTE
ASSET,MAQUINARIA Y EQUIPO,MOBULIZADOR,MCA/MOD/,A CERCA DE LA PLACA DEL FABRICANTE
ASSET,MAQUINARIA Y EQUIPO,MODULO DE PRUEBA,MCA/MOD/,A CERCA DE LA PLACA DEL FABRICANTE
ASSET,MAQUINARIA Y EQUIPO,MOLDE INDUSTRIAL,MCA/MOD/ESTRUCTURA (MATERIAL)/NUMERO DE CAVIDADES/DIMENSION (ANC X LARG X ALT) EN MM,A CERCA DE LA PLACA DEL FABRICANTE
ASSET,MAQUINARIA Y EQUIPO,MOLDEADORA,MCA/MOD/,A CERCA DE LA PLACA DEL FABRICANTE
ASSET,MAQUINARIA Y EQUIPO,MOLEDOR DE CARAMELO,MCA/MOD/,A CERCA DE LA PLACA DEL FABRICANTE
ASSET,MAQUINARIA Y EQUIPO,MOLINO,MCA/MOD/ESTRUCTURA (MATERIAL)/DIMENSION (DIAM X LARG/ALT) EN MM,A CERCA DE LA PLACA DEL FABRICANTE
ASSET,EQUIPOS DE LABORATORIO,MOLINO IKAA,MCA/MOD/POTENCIA (PONER LA UNIDAD),A CERCA DE LA PLACA DEL FABRICANTE
ASSET,EQUIPOS DE COMPUTO,MONITOR DE VIDEO,MCA/MOD/TAMAÑO EN PULGADAS/TIPO DE PANTALLA,A CERCA DE LA PLACA DEL FABRICANTE
ASSET,UNIDADES DE TRANSPORTE,MONTACARGA,MCA/MOD/CAPACIDAD (PONER UNIDAD)/ELEVACIÓN DE MAXIMA EN MM(SOLAMENTE  NUMERO)/COMBUSTIVEL,A CERCA DE LA PLACA DEL FABRICANTE
ASSET,MAQUINARIA Y EQUIPO,"MOTOBOMBA (POT ≥ 15 HP OU 11,18 KW)",MCA/MOD/FLUJO (PONER LA UNIDAD)/PRESION (PONER LA UNIDAD)/POTENCIA (PONER LA UNIDAD)/DIÂMETRO ROTOR (EN MM)/TIPO DEL MOTOR,A CERCA DE LA PLACA DEL FABRICANTE
ASSET,UNIDADES DE TRANSPORTE,MOTOCICLETA,MCA/MOD/ANO FABRICAÇÃO/ MODELO/TABLERO,FICTICIO
ASSET,EQUIPOS DIVERSOS,MOTOFUMIGADOR,MCA/MOD/,A CERCA DE LA PLACA DEL FABRICANTE
ASSET,UNIDADES DE TRANSPORTE,MOTOFURGON,MCA/MOD/,A CERCA DE LA PLACA DEL FABRICANTE
ASSET,MAQUINARIA Y EQUIPO,MOTOR A DIESEL,MCA/MOD/,A CERCA DE LA PLACA DEL FABRICANTE
ASSET,MAQUINARIA Y EQUIPO,"MOTOR ELECTRICO (POT ≥ 15 HP OU 11,18 KW)",MCA/MOD/POTENCIA (PONER LA UNIDAD)/ROTACION POR MINUTO,A CERCA DE LA PLACA DEL FABRICANTE
ASSET,MAQUINARIA Y EQUIPO,"MOTOREDUCTOR (POT ≥ 15 HP OU 11,18 KW)",MCA/MOD/POTENCIA DEL MOTOR (PONER LA UNIDAD)/ROTACION POR MINUTO,A CERCA DE LA PLACA DEL FABRICANTE
ASSET,MAQUINARIA Y EQUIPO,MOTOVIBRADOR  (POT ≥ 15 HP),MCA/MOD/,A CERCA DE LA PLACA DEL FABRICANTE
ASSET,MUEBLES,MUEBLE PARA LAVADERO,MCA/MOD/,A CERCA DE LA PLACA DEL FABRICANTE
ASSET,EQUIPOS DE LABORATORIO,MUESTRADOR,MCA/MOD/DIMENSIÓN (LONG X ANCH X ALT) EN MM,A CERCA DE LA PLACA DEL FABRICANTE
ASSET,EQUIPOS DE COMPUTO,MULTILECTORA,MCA/MOD/,A CERCA DE LA PLACA DEL FABRICANTE
ASSET,EQUIPOS DIVERSOS,MULTÍMETRO,MCA/MOD/,A CERCA DE LA PLACA DEL FABRICANTE
ASSET,EDIFICIOS,MURO,MCA/MOD/Altura,FICTICIO
ASSET,EQUIPOS DE LABORATORIO,NEBULIZADORA,MCA/MOD/DIMENSIÓN (LONG X ANCH X ALT) EN MM/CAPACIDAD (COLOCAR UNIDAD),A CERCA DE LA PLACA DEL FABRICANTE
ASSET,MUEBLES,NEGATOSCOPIO,MCA/MOD/,A CERCA DE LA PLACA DEL FABRICANTE
ASSET,MUEBLES Y ENSERES,NEUTRALIZADOR DE ALCHOOL,MCA/MOD/,A CERCA DE LA PLACA DEL FABRICANTE
ASSET,EQUIPOS DIVERSOS,NEUTRALIZADORA,MCA/MOD/,A CERCA DE LA PLACA DEL FABRICANTE
ASSET,EQUIPOS DIVERSOS,NIVELADOR DE SACOS,MCA/MOD/,A CERCA DE LA PLACA DEL FABRICANTE
ASSET,INTANGIBLES,NO COMPENTENCIA,,
ASSET,VEHICULOS,OMNIBUS,MCA/MOD/,FICTICIO
ASSET,EQUIPOS DE LABORATORIO,OSCILOSCOPIO,MCA/MOD/,A CERCA DE LA PLACA DEL FABRICANTE
ASSET,EQUIPOS DE LABORATORIO,OXÍMETRO,MCA/MOD/,A CERCA DE LA PLACA DEL FABRICANTE
ASSET,MAQUINARIA Y EQUIPO,PAILA ROTATIVA,MCA/MOD/,A CERCA DE LA PLACA DEL FABRICANTE
ASSET,EQUIPOS DE COMPUTO,PANEL INFORMATIVO DIGITAL (DIM ≥ 40 PULGADA),MCA/MOD/,A CERCA DE LA PLACA DEL FABRICANTE
ASSET,EQUIPOS DIVERSOS,PALA CARGADORA,MCA/MOD/,A CERCA DE LA PLACA DEL FABRICANTE
ASSET,MAQUINARIA Y EQUIPO,PALETIZADOR,MCA/MOD/,A CERCA DE LA PLACA DEL FABRICANTE
ASSET,EQUIPOS DIVERSOS,PANEL LUMINOSO,MCA/MOD/ESTRUCTURA (MATERIAL)/DIMENSION (ANC X LARG X ALT) EN MM,A CERCA DE LA PLACA DEL FABRICANTE
ASSET,EDIFICIOS,PANELES,,FICTICIO
ASSET,EQUIPOS DE COMPUTO,PANTALLA INTELIGENTE,MCA/MOD/,A CERCA DE LA PLACA DEL FABRICANTE
ASSET,MAQUINARIA Y EQUIPO,PARRILLA TERMICA,MCA/MOD/,A CERCA DE LA PLACA DEL FABRICANTE
ASSET,EDIFICIOS,PASADIZO,,FICTICIO
ASSET,EDIFICIOS,PASILLO,,FICTICIO
ASSET,MAQUINARIA Y EQUIPO,PASTEURIZADOR,MCA/MOD/,A CERCA DE LA PLACA DEL FABRICANTE
ASSET,PATE.PROP. IND MANT VENT,PATE. PROP. INDUSTRIAL MANTENIDO PARA LA VENTA,,
ASSET,EDIFICIOS,PATIO,,FICTICIO
ASSET,EDIFICIOS,PAVIMENTACION,MCA/MOD/,FICTICIO
ASSET,EQUIPOS DE COMPUTO,PC DE ESCRITORIO,MCA/MOD/,A CERCA DE LA PLACA DEL FABRICANTE
ASSET,MAQUINARIA Y EQUIPO,PELETIZADORA,MCA/MOD/,A CERCA DE LA PLACA DEL FABRICANTE
ASSET,EQUIPOS DE LABORATORIO,PENETROMETRO,MCA/MOD/,A CERCA DE LA PLACA DEL FABRICANTE
ASSET,MUEBLES,PEREZOSA DE MADERA,MCA/MOD/,A CERCA DE LA PLACA DEL FABRICANTE
ASSET,MAQUINARIA Y EQUIPO,PERFECTOR PROCESADOR DE ACEITE,MCA/MOD/,A CERCA DE LA PLACA DEL FABRICANTE
ASSET,MAQUINARIA Y EQUIPO,PERFILADORA,MCA/MOD/,A CERCA DE LA PLACA DEL FABRICANTE
ASSET,EQUIPOS DE LABORATORIO,PHMETRO,MCA/MOD/,A CERCA DE LA PLACA DEL FABRICANTE
ASSET,EDIFICIOS,PIPE RACK,,FICTICIO
ASSET,EQUIPOS DE LABORATORIO,PIROMETRO,MCA/MOD/,A CERCA DE LA PLACA DEL FABRICANTE
ASSET,EDIFICIOS,PISCINA DE HORMIGON,,FICTICIO
ASSET,EDIFICIOS,PISO DE HORMIGON,,FICTICIO
ASSET,MAQUINARIA Y EQUIPO,PISTOLA DE DISTIBUCION,MCA/MOD/,A CERCA DE LA PLACA DEL FABRICANTE
ASSET,MUEBLES,PIZARRA ELECTRONICA,MCA/MOD/DIMENSIÓN (LONG X ANCH X ALT) EN MM,A CERCA DE LA PLACA DEL FABRICANTE
ASSET,EQUIPOS DIVERSOS,CEPILLADORA INDUSTRIAL,MCA/MOD/,A CERCA DE LA PLACA DEL FABRICANTE
ASSET,EQUIPOS DE LABORATORIO,PLANCHA CALENTADORA,MCA/MOD/POTENCIA (PONER LA UNIDAD),A CERCA DE LA PLACA DEL FABRICANTE
ASSET,MUEBLES,PLANCHA ELÉCTRICA,MCA/MOD/,A CERCA DE LA PLACA DEL FABRICANTE
ASSET,ACTIVO BIOLOGICO,PLANTACIONES,,
ASSET,MAQUINARIA Y EQUIPO,PLATAFORMA,MCA/MOD/,A CERCA DE LA PLACA DEL FABRICANTE
ASSET,EDIFICIOS,PLATAFORMA DE HORMIGON,,FICTICIO
ASSET,EQUIPOS DIVERSOS,PLATAFORMA PANTOGRAFICA/HIDRAULICA,MCA/MOD/ESTRUCTURA (MATERIAL)/CAPACIDAD DE CARGA (PONER LA UNIDAD)/ELEVACIÓN MAXIMA EN MM,A CERCA DE LA PLACA DEL FABRICANTE
ASSET,MAQUINARIA Y EQUIPO,PLEGADORA,MCA/MOD/,A CERCA DE LA PLACA DEL FABRICANTE
ASSET,MAQUINARIA Y EQUIPO,PLODDLER,MCA/MOD/,A CERCA DE LA PLACA DEL FABRICANTE
ASSET,EQUIPOS DE LABORATORIO,POLARIMETRO,MCA/MOD/,A CERCA DE LA PLACA DEL FABRICANTE
ASSET,MAQUINARIA Y EQUIPO,POLIPASTO,MCA/MOD/,A CERCA DE LA PLACA DEL FABRICANTE
ASSET,EQUIPOS DIVERSOS,PORTADOR ISOTERMICO,MCA/MOD/,A CERCA DE LA PLACA DEL FABRICANTE
ASSET,EQUIPOS DIVERSOS,PORTICO/ FIJO/DESLISANTE,MCA/MOD/FIXO OU RODANTE?/DIMENSION (LARGO X ANCHO X ALT) EN MM/CAPACIDAD (COLOCAR UNIDADE)/POTENCIA DEL MOTOR (COLOCAR UNIDAD),A CERCA DE LA PLACA DEL FABRICANTE
ASSET,MAQUINARIA Y EQUIPO,POSICIONADOR,MCA/MOD/,A CERCA DE LA PLACA DEL FABRICANTE
ASSET,MAQUINARIA Y EQUIPO,POST ACONDICIONADOR,MCA/MOD/,A CERCA DE LA PLACA DEL FABRICANTE
ASSET,MAQUINARIA Y EQUIPO,POTENCIOMETRO,MCA/MOD/,A CERCA DE LA PLACA DEL FABRICANTE
ASSET,EDIFICIOS,POZA,,FICTICIO
ASSET,EDIFICIOS,POZO,,FICTICIO
ASSET,EDIFICIOS,PPA EDIFICIOS,,FICTICIO
ASSET,EQUIPOS DIVERSOS,PPA EQUIPOS DIVERSOS,MCA/MOD/,A CERCA DE LA PLACA DEL FABRICANTE
ASSET,MAQUINARIA Y EQUIPO,PPA MAQUINARIA Y EQUIPO,MCA/MOD/,A CERCA DE LA PLACA DEL FABRICANTE
ASSET,MAQUINARIA Y EQUIPO,PRE CONCENTRADOR,MCA/MOD/,A CERCA DE LA PLACA DEL FABRICANTE
ASSET,MAQUINARIA Y EQUIPO,PRECALENTADOR,,A CERCA DE LA PLACA DEL FABRICANTE
ASSET,MAQUINARIA Y EQUIPO,PRENSA,MCA/MOD/CAPACIDAD (PONER UNIDAD)/POTENCIA (PONER LA UNIDAD)/ROTACION/DIMENSION  (ANC X LARG X ALT) EN MM,A CERCA DE LA PLACA DEL FABRICANTE
ASSET,MAQUINARIA Y EQUIPO,PRENSA HIDRAULICA,MCA/MOD/,A CERCA DE LA PLACA DEL FABRICANTE
ASSET,MAQUINARIA Y EQUIPO,PRENSA NEUMATICA,MCA/MOD/,A CERCA DE LA PLACA DEL FABRICANTE
ASSET,MAQUINARIA Y EQUIPO,PREPARADOR DE MUESTRAS,MCA/MOD/,A CERCA DE LA PLACA DEL FABRICANTE
ASSET,MAQUINARIA Y EQUIPO,PRESURIZADOR,MCA/MOD/,A CERCA DE LA PLACA DEL FABRICANTE
ASSET,EQUIPOS DE LABORATORIO,PROBADOR DE ABSORCION DE AGUA,MCA/MOD/,A CERCA DE LA PLACA DEL FABRICANTE
ASSET,EQUIPOS DE LABORATORIO,PROBADOR DE ESPUMA,MCA/MOD/,A CERCA DE LA PLACA DEL FABRICANTE
ASSET,EQUIPOS DE LABORATORIO,PROCESADOR DE ALIMENTOS,MCA/MOD/,A CERCA DE LA PLACA DEL FABRICANTE
ASSET,EQUIPOS DE COMPUTO,PROCESADOR DE SENAL,MCA/MOD/,A CERCA DE LA PLACA DEL FABRICANTE
ASSET,EQUIPOS DE COMPUTO,PROYECTOR MULTIMEDIA,MCA/MOD/,A CERCA DE LA PLACA DEL FABRICANTE
ASSET,MAQUINARIA Y EQUIPO,PUENTE RODANTE,MCA/MOD/ANCHO EN MM/CURSO EN MM/ELEVACIÓN/CAPACIDAD (COLOCAR UNIDAD),A CERCA DE LA PLACA DEL FABRICANTE
ASSET,MUEBLES,PUESTO DE TRABAJO,MCA/MOD/NÚMERO DE PUERTAS/NUMERO DE CAJONES/COMPLEMENTOS 1/COMPLEMENTOS 2,SUPERIOR DERECHA
ASSET,MUEBLES,PUFF TIPO BANCO,MCA/MOD/,A CERCA DE LA PLACA DEL FABRICANTE
ASSET,EQUIPOS DIVERSOS,PULIDORA,MCA/MOD/,A CERCA DE LA PLACA DEL FABRICANTE
ASSET,MAQUINARIA Y EQUIPO,PULIDORA DE GRANOS,MCA/MOD/,A CERCA DE LA PLACA DEL FABRICANTE
ASSET,MUEBLES,PULPITO,MCA/MOD/ESTRUCTURA (MATERIAL)/DIMENSION (LARGO X ANCHO X ALT) EN MM,ESTRUCTURA
ASSET,MAQUINARIA Y EQUIPO,PULVERIZADOR,MCA/MOD/ESTRUCTURA (MATERIAL)/DIMENSIÓN,A CERCA DE LA PLACA DEL FABRICANTE
ASSET,MAQUINARIA Y EQUIPO,PUNZONADORA,MCA/MOD/,A CERCA DE LA PLACA DEL FABRICANTE
ASSET,MAQUINARIA Y EQUIPO,PURIFICADOR,MCA/MOD/,A CERCA DE LA PLACA DEL FABRICANTE
ASSET,EQUIPOS DE LABORATORIO,PURIFICADOR DE AGUA,MCA/MOD/,A CERCA DE LA PLACA DEL FABRICANTE
ASSET,EQUIPOS DIVERSOS,PURIFICADOR DE AIRE INDUSTRIAL,MCA/MOD/,A CERCA DE LA PLACA DEL FABRICANTE
ASSET,MAQUINARIA Y EQUIPO,PURIFICADOR DE COMBUSTIBLE,MCA/MOD/,A CERCA DE LA PLACA DEL FABRICANTE
ASSET,MAQUINARIA Y EQUIPO,PURIFICADOR DE HIDROGENO,MCA/MOD/,A CERCA DE LA PLACA DEL FABRICANTE
ASSET,MAQUINARIA Y EQUIPO,QUEBRANTADORA,MCA/MOD/POTENCIA (PONER LA UNIDAD)/DIMENSION (LARG X ANCH X ALT) EN MM,A CERCA DE LA PLACA DEL FABRICANTE
ASSET,MAQUINARIA Y EQUIPO,QUEMADOR INDUSTRIAL,MCA/MOD/,A CERCA DE LA PLACA DEL FABRICANTE
ASSET,EQUIPOS DIVERSOS,RACK ALMACENAJE,MCA/MOD/ESTRUCTURA (MATERIAL)/NÚMERO DEL MODULOS/NUMERO DE REPISAS/DIMENSIÓN ( LARG X ANC X ALT) EN MM,A CERCA DE LA PLACA DEL FABRICANTE
ASSET,EQUIPOS DE COMPUTO,RACK INFORMATICA,MCA/MOD/ESTRUCTURA (MATERIAL)/NUMERO DEL POSICIONES (US)/NÚMERO DEL PUERTA(S)/DIMENSIÓN (ANC X PROF X ALT) EN MM,A CERCA DE LA PLACA DEL FABRICANTE
ASSET,MUEBLES,RACK P/TV DE MADERA,,ESTRUCTURA
ASSET,MAQUINARIA Y EQUIPO,RADIADOR,MCA/MOD/,A CERCA DE LA PLACA DEL FABRICANTE
ASSET,MAQUINARIA Y EQUIPO,RAMPA,MCA/MOD/,A CERCA DE LA PLACA DEL FABRICANTE
ASSET,EQUIPOS DIVERSOS,RAMPA MOVIL,MCA/MOD/,A CERCA DE LA PLACA DEL FABRICANTE
ASSET,MAQUINARIA Y EQUIPO,RAYOS X,MCA/MOD/,A CERCA DE LA PLACA DEL FABRICANTE
ASSET,MAQUINARIA Y EQUIPO,REACTOR,MCA/MOD/POTENCIA (PONER LA UNIDAD)/DIMENSION (LARGO X ANCHO X ALT) EN MM,A CERCA DE LA PLACA DEL FABRICANTE
ASSET,MAQUINARIA Y EQUIPO,REBOBINADOR,MCA/MOD/,A CERCA DE LA PLACA DEL FABRICANTE
ASSET,MUEBLES,RECEIVER,MCA/MOD/,A CERCA DE LA PLACA DEL FABRICANTE
ASSET,MUEBLES,RECEPTOR,MCA/MOD/,A CERCA DE LA PLACA DEL FABRICANTE
ASSET,EQUIPOS DIVERSOS,RECHAZADOR,MCA/MOD/,A CERCA DE LA PLACA DEL FABRICANTE
ASSET,MAQUINARIA Y EQUIPO,RECTIFICADORA,MCA/MOD/,A CERCA DE LA PLACA DEL FABRICANTE
ASSET,MAQUINARIA Y EQUIPO,RECUPERADOR,MCA/MOD/,A CERCA DE LA PLACA DEL FABRICANTE
ASSET,INSTALACIONES,RED,MCA/MOD/,FICTICIO
ASSET,INSTALACIONES,RED COMBATE DE INCENDIO,MCA/MOD/ESTRUCTURA (MATERIAL)/DIMENSIÓN,FICTICIO
ASSET,INSTALACIONES,RED DATA,MCA/MOD/ESTRUCTURA (MATERIAL)/DIMENSIÓN,FICTICIO
ASSET,INSTALACIONES,RED DATOS,MCA/MOD/ESTRUCTURA (MATERIAL)/DIMENSIÓN,FICTICIO
ASSET,INSTALACIONES,RED DE AGUA,MCA/MOD/ESTRUCTURA (MATERIAL)/DIMENSIÓN,FICTICIO
ASSET,INSTALACIONES,RED DE AIRE COMPRIMIDO,MCA/MOD/ESTRUCTURA (MATERIAL)/DIMENSIÓN,FICTICIO
ASSET,INSTALACIONES,RED DE AMONIA,MCA/MOD/ESTRUCTURA (MATERIAL)/DIMENSIÓN,FICTICIO
ASSET,INSTALACIONES,RED DE ATERRAMIENTO CONTRA DESCARGAS,MCA/MOD/ESTRUCTURA (MATERIAL)/DIMENSIÓN,FICTICIO
ASSET,INSTALACIONES,RED DE BORRA,MCA/MOD/ESTRUCTURA (MATERIAL)/DIMENSIÓN,FICTICIO
ASSET,INSTALACIONES,RED DE CFTV,MCA/MOD/,FICTICIO
ASSET,INSTALACIONES,RED DE DETECTORES,MCA/MOD/ESTRUCTURA (MATERIAL)/DIMENSIÓN,FICTICIO
ASSET,INSTALACIONES,RED DE DRENAJE,MCA/MOD/ESTRUCTURA (MATERIAL)/DIMENSIÓN,FICTICIO
ASSET,INSTALACIONES,RED DE GAS,MCA/MOD/ESTRUCTURA (MATERIAL)/DIMENSIÓN,FICTICIO
ASSET,INSTALACIONES,RED DE GLUCOSA,MCA/MOD/ESTRUCTURA (MATERIAL)/DIMENSIÓN,FICTICIO
ASSET,INSTALACIONES,RED DE HARINA,MCA/MOD/ESTRUCTURA (MATERIAL)/DIMENSIÓN,FICTICIO
ASSET,INSTALACIONES,RED DE IRRIGACION,MCA/MOD/ESTRUCTURA (MATERIAL)/DIMENSIÓN,FICTICIO
ASSET,INSTALACIONES,RED DE SILICATO,MCA/MOD/ESTRUCTURA (MATERIAL)/DIMENSIÓN,FICTICIO
ASSET,INSTALACIONES,RED DE SODA CAUSTICA,MCA/MOD/ESTRUCTURA (MATERIAL)/DIMENSIÓN,FICTICIO
ASSET,INSTALACIONES,RED DE TRIGO,MCA/MOD/ESTRUCTURA (MATERIAL)/DIMENSIÓN,FICTICIO
ASSET,INSTALACIONES,RED DE VAPOR,MCA/MOD/ESTRUCTURA (MATERIAL)/DIMENSIÓN,FICTICIO
ASSET,INSTALACIONES,RED ELÉCTRICA,MCA/MOD/ESTRUCTURA (MATERIAL)/DIMENSIÓN,FICTICIO
ASSET,INSTALACIONES,RED LINEA CEITE CRUDO,MCA/MOD/ESTRUCTURA (MATERIAL)/DIMENSIÓN,FICTICIO
ASSET,MAQUINARIA Y EQUIPO,"REDUCTOR (POT ≥ 15 HP OU 11,18 KW)",MCA/MOD/POTENCIA DEL MOTOR (PONER LA UNIDAD)/RELACION DE REDUCCION,A CERCA DE LA PLACA DEL FABRICANTE
ASSET,GOODWILL,REESTRUCTURACIÓN  POR FUSIÓN,,
ASSET,MAQUINARIA Y EQUIPO,REFINADORA,MCA/MOD/CAPACIDAD (PONER UNIDAD),A CERCA DE LA PLACA DEL FABRICANTE
ASSET,EQUIPOS DE LABORATORIO,REFRACTOMETRO,MCA/MOD/,A CERCA DE LA PLACA DEL FABRICANTE
ASSET,MUEBLES,REFRESQUERA,MCA/MOD/CAPACIDAD EN LITROS,A CERCA DE LA PLACA DEL FABRICANTE
ASSET,MUEBLES,REFRIGERADOR,MCA/MOD/CAPACIDAD EN LITROS,A CERCA DE LA PLACA DEL FABRICANTE
ASSET,EDIFICIOS,REJA,,FICTICIO
ASSET,EDIFICIOS,REJA PERIMETRAL,MCA/MOD/Altura,FICTICIO
ASSET,MAQUINARIA Y EQUIPO,RELLENO AUTOMATICO,MCA/MOD/,A CERCA DE LA PLACA DEL FABRICANTE
ASSET,EQUIPOS DIVERSOS,RELOJ MARCADOR PUNTO ELECTRONICO,MCA/MOD/DIAMETRO EN MM,A CERCA DE LA PLACA DEL FABRICANTE
ASSET,MAQUINARIA Y EQUIPO,RELOJ SATELITAL,MCA/MOD/,A CERCA DE LA PLACA DEL FABRICANTE
ASSET,MAQUINARIA Y EQUIPO,REMACHADORA,MCA/MOD/,A CERCA DE LA PLACA DEL FABRICANTE
ASSET,MAQUINARIA Y EQUIPO,REMELTER,MCA/MOD/,A CERCA DE LA PLACA DEL FABRICANTE
ASSET,UNIDADES DE TRANSPORTE,REMOLQUE,MCA/MOD/TIPO/ANO/MOD/TABLERO,FICTICIO/LA PLACA DEL FABRICANTE
ASSET,EQUIPOS DE LABORATORIO,REOFERMENTADORA,MCA/MOD/,A CERCA DE LA PLACA DEL FABRICANTE
ASSET,EQUIPOS DE LABORATORIO,REOFERMENTAGRAFO,MCA/MOD/,A CERCA DE LA PLACA DEL FABRICANTE
ASSET,MAQUINARIA Y EQUIPO,REOMETRO,MCA/MOD/,A CERCA DE LA PLACA DEL FABRICANTE
ASSET,EQUIPOS DIVERSOS,REOSTATO,MCA/MOD/,A CERCA DE LA PLACA DEL FABRICANTE
ASSET,MUEBLES Y ENSERES,REPOSTERO,MCA/MOD/,SUPERIOR DERECHA
ASSET,EDIFICIOS,RESERVORIO EN HORMIGON,MCA/MOD/,FICTICIO
ASSET,EQUIPOS DE LABORATORIO,RESONANCIA MAGNETICA NUCLEAR,MCA/MOD/,A CERCA DE LA PLACA DEL FABRICANTE
ASSET,EQUIPOS DIVERSOS,RESPIRADOR,MCA/MOD/,A CERCA DE LA PLACA DEL FABRICANTE
ASSET,EQUIPOS DE LABORATORIO,RESPIRADOR AUTONOMO,MCA/MOD/,A CERCA DE LA PLACA DEL FABRICANTE
ASSET,MAQUINARIA Y EQUIPO,RETIFICADORA,MCA/MOD/,A CERCA DE LA PLACA DEL FABRICANTE
ASSET,MAQUINARIA Y EQUIPO,REVELADORA DE CLICHES,MCA/MOD/,A CERCA DE LA PLACA DEL FABRICANTE
ASSET,MAQUINARIA Y EQUIPO,ROBOT,MCA/MOD/,A CERCA DE LA PLACA DEL FABRICANTE
ASSET,MAQUINARIA Y EQUIPO,ROCEADORA,MCA/MOD/ESTRUCTURA (MATERIAL)/DIMENSION (LARGO X ANCHO X ALT) EN MM,A CERCA DE LA PLACA DEL FABRICANTE
ASSET,EQUIPOS DIVERSOS,ROSCADORA,MCA/MOD/DIMENSIÓN (LONG X ANCH X ALT) EN MM,A CERCA DE LA PLACA DEL FABRICANTE
ASSET,EQUIPOS DIVERSOS,ROSCADORA DE TUBOS,MCA/MOD/DIMENSIÓN (LONG X ANCH X ALT) EN MM,A CERCA DE LA PLACA DEL FABRICANTE
ASSET,MAQUINARIA Y EQUIPO,ROTOSTAR,MCA/MOD/,A CERCA DE LA PLACA DEL FABRICANTE
ASSET,MAQUINARIA Y EQUIPO,ROTULADORA,MCA/MOD/,A CERCA DE LA PLACA DEL FABRICANTE
ASSET,EQUIPOS DIVERSOS,RUFA NIVELADORA,MCA/MOD/,A CERCA DE LA PLACA DEL FABRICANTE
ASSET,MAQUINARIA Y EQUIPO,RUGOSIMETRO,MCA/MOD/CAPACIDAD (PONER UNIDAD),A CERCA DE LA PLACA DEL FABRICANTE
ASSET,EQUIPOS DE COMPUTO,RUTEADOR,MCA/MOD/,A CERCA DE LA PLACA DEL FABRICANTE
ASSET,EQUIPOS DE COMPUTO,SCANNER,MCA/MOD/,A CERCA DE LA PLACA DEL FABRICANTE
ASSET,EQUIPOS DIVERSOS,SCANNER INDUSTRIAL,MCA/MOD/,A CERCA DE LA PLACA DEL FABRICANTE
ASSET,MAQUINARIA Y EQUIPO,SECADOR,MCA/MOD/ESTRUCTURA (MATERIAL)/FLUJO (COLOCAR UNIDAD)/DIMENSION (ANC X PROF X ALT) EN MM,A CERCA DE LA PLACA DEL FABRICANTE
ASSET,MAQUINARIA Y EQUIPO,SECADORA,MCA/MOD/,A CERCA DE LA PLACA DEL FABRICANTE
ASSET,MUEBLES,SECADORA DE ROPA,,ESTRUCTURA
ASSET,MUEBLES,SECADORA ELECTRICA,MCA/MOD/,A CERCA DE LA PLACA DEL FABRICANTE
ASSET,MAQUINARIA Y EQUIPO,SELECCIONADORA,MCA/MOD/CAPACIDAD (PONER UNIDAD),A CERCA DE LA PLACA DEL FABRICANTE
ASSET,MAQUINARIA Y EQUIPO,SELLADORA,MCA/MOD/POTENCIA (PONER LA UNIDAD)/PRESION (PONER LA UNIDAD)/TEMP. SELLADO EN GRADOS CELSIUS/DIMENSION (LARG X ANCH X ALT) EN MM,A CERCA DE LA PLACA DEL FABRICANTE
ASSET,MAQUINARIA Y EQUIPO,SEMILLADOR,MCA/MOD/,A CERCA DE LA PLACA DEL FABRICANTE
ASSET,UNIDADES DE TRANSPORTE,SEMIREMOLQUE,,FICTICIO
ASSET,MAQUINARIA Y EQUIPO,SEPARADOR,MCA/MOD/TIPO/ORIENTACIÓN/ESTRUCTURA (MATERIAL)/CAPACIDAD PRODUCTIVA(COLOCAR UNIDAD)/TENPERATURA DEL OPERACION(EN GRAUS CELSIUS)/PRESIÓN DE TRABAJO (COLOCACIÓN UNIDAD)/DIMENSIÓN (LONG X PROF X ALT) EN MM,A CERCA DE LA PLACA DEL FABRICANTE
ASSET,MAQUINARIA Y EQUIPO,SEPARADOR DE LIQUIDO,MCA/MOD/,A CERCA DE LA PLACA DEL FABRICANTE
ASSET,MAQUINARIA Y EQUIPO,SEPARADOR DE POLVO,MCA/MOD/,A CERCA DE LA PLACA DEL FABRICANTE
ASSET,MAQUINARIA Y EQUIPO,SEPARADOR MAGNETICO,MCA/MOD/ESTRUTURA (MATERIAL)/NÚMERO DE CUBA(S)/DIMENSÃO (LARG X PROF X ALT) EM MM,A CERCA DE LA PLACA DEL FABRICANTE
ASSET,MAQUINARIA Y EQUIPO,SEPARADORA CENTRIFUGA,MCA/MOD/,A CERCA DE LA PLACA DEL FABRICANTE
ASSET,EQUIPOS DE COMPUTO,SERVIDOR,MCA/MOD/PROCESADOR/MEMORIA RAM (PONER LA UNIDAD MB/GB/TB)/HD (PONER LA UNIDAD MB/GB/TB),A CERCA DE LA PLACA DEL FABRICANTE
ASSET,MAQUINARIA Y EQUIPO,"SERVOMOTOR (POT ≥ 15 HP OU 11,18 KW)",MCA/MOD/POTENCIA (PONER LA UNIDAD)/ROTACION POR MINUTO,A CERCA DE LA PLACA DEL FABRICANTE
ASSET,EQUIPOS DIVERSOS,SIERRA INDUSTRIAL,MCA/MOD/POTENCIA (PONER LA UNIDAD)/ROTACION/DIMENSION (LARG X ANCH ALT) EN MM,A CERCA DE LA PLACA DEL FABRICANTE
ASSET,EQUIPOS DIVERSOS,SIERRA CINTA,MCA/MOD/POTENCIA DEL MOTOR (PONER LA UNIDAD)/LARGO DE LA CINTA EN MM/DIMENSION (LARG X ANCH ALT) EN MM,A CERCA DE LA PLACA DEL FABRICANTE
ASSET,EQUIPOS DIVERSOS,SIERRA CIRCULAR,MCA/MOD/POTENCIA DEL MOTOR (PONER LA UNIDAD)/ROTACION,A CERCA DE LA PLACA DEL FABRICANTE
ASSET,EQUIPOS DIVERSOS,SIERRA POLICORTE,MCA/MOD/POTENCIA DEL MOTOR (PONER LA UNIDAD)/ROTACION/DIMENSION DE LA MESA (LARG X ANCH X ALT) EN MM,A CERCA DE LA PLACA DEL FABRICANTE
ASSET,MAQUINARIA Y EQUIPO,SILENCIADOR,MCA/MOD/,A CERCA DE LA PLACA DEL FABRICANTE
ASSET,MUEBLES,SILLA (ALUMINIO; MADERA; METAL E POLIPROPILENO),MCA/MOD/,SUPERIOR DERECHA
ASSET,MUEBLES,SILLA DE RUEDAS,MCA/MOD/,ESTRUCTURA
ASSET,MUEBLES,SILLA ESCOLAR TIPO UNIVERSITARIA,MCA/MOD/,SUPERIOR DERECHA
ASSET,MUEBLES,SILLON,MCA/MOD/ESTRUCTURA (MATERIAL)/TAPICERÍA/ARMA(S),ESTRUCTURA
ASSET,EDIFICIOS,SILO CONCRETO,MCA/MOD/Altura,FICTICIO
ASSET,MAQUINARIA Y EQUIPO,SILO METALICO,MCA/MOD/ESTRUCTURA (MATERIAL)/FORMATO/CAPACIDAD (PONER LA UNIDAD)/DIMENSIÓN (LARG X ANCH X ALT) EN MM,A CERCA DE LA PLACA DEL FABRICANTE
ASSET,MAQUINARIA Y EQUIPO,SISTEMA ASPIRACION DE POLVO,MCA/MOD/,A CERCA DE LA PLACA DEL FABRICANTE
ASSET,EQUIPOS DIVERSOS,SISTEMA DE BALANZA DE CAMION,MCA/MOD/ESTRUCTURA (MATERIAL)/CAPACIDAD (PONER LA UNIDAD)/DIMENSIÓN DE LA PLATAFORMA,A CERCA DE LA PLACA DEL FABRICANTE
ASSET,MAQUINARIA Y EQUIPO,SISTEMA DE OSMOSIS INVERSA,MCA/MOD/ESTRUCTURA (MATERIAL)/DIMENSIÓN (LONG X ANCH X ALT) EN MM/CUANTIDAD DE TUBOS/DIÁMETRO DEL TUBOS (COLOCAR UNIDAD)/POTENCIA (COLOCAR UNIDAD),A CERCA DE LA PLACA DEL FABRICANTE
ASSET,MAQUINARIA Y EQUIPO,SISTEMA DE PUNTO DUSION,MCA/MOD/,A CERCA DE LA PLACA DEL FABRICANTE
ASSET,MAQUINARIA Y EQUIPO,SMART PAINEL,MCA/MOD/,A CERCA DE LA PLACA DEL FABRICANTE
ASSET,MUEBLES,SOFA,MCA/MOD/,SUPERIOR DERECHA
ASSET,SOFTWARE,SOFTWARE,MCA/MOD/NÚMERO DEL LICENCIA/NÚMERO DEL USUÁRIOS,FICTICIO
ASSET,MAQUINARIA Y EQUIPO,SOLDADOR ELECTRICO,MCA/MOD/,A CERCA DE LA PLACA DEL FABRICANTE
ASSET,MAQUINARIA Y EQUIPO,SOPLADOR,MCA/MOD/,A CERCA DE LA PLACA DEL FABRICANTE
ASSET,MAQUINARIA Y EQUIPO,SOPLADOR DE AIRE,MCA/MOD/,A CERCA DE LA PLACA DEL FABRICANTE
ASSET,MAQUINARIA Y EQUIPO,SOPLADOR NEUMATICO,MCA/MOD/,A CERCA DE LA PLACA DEL FABRICANTE
ASSET,MAQUINARIA Y EQUIPO,SOPLADORA,MCA/MOD/,A CERCA DE LA PLACA DEL FABRICANTE
ASSET,MAQUINARIA Y EQUIPO,ESPECTROMETRO,MCA/MOD/,A CERCA DE LA PLACA DEL FABRICANTE
ASSET,EQUIPOS DE COMPUTO,STORAGE,MCA/MOD/CAPACIDAD (PONER UNIDAD),A CERCA DE LA PLACA DEL FABRICANTE
ASSET,EQUIPOS DIVERSOS,SUCCIONADOR DE GRANOS,MCA/MOD/,A CERCA DE LA PLACA DEL FABRICANTE
ASSET,EQUIPOS DE COMPUTO,SWITCH,MCA/MOD/NÚMERO DE PUERTAS,A CERCA DE LA PLACA DEL FABRICANTE
ASSET,MAQUINARIA Y EQUIPO,TABLERO DE CONTROL,MCA/MOD/DIMENSIÓN (LONG X ANCH X ALT) EN MM/COMPONENTES,A CERCA DE LA PLACA DEL FABRICANTE
ASSET,MAQUINARIA Y EQUIPO,TABLERO ELECTRICO,MCA/MOD/ESTRUCTURA (MATERIAL)/NÚMERO DEL PUERTA(S)/NUMERO DEL CAJONES/COMPONENTE(S)/DIMENSIÓN (ANC X PROF X ALT) EN MM,A CERCA DE LA PLACA DEL FABRICANTE
ASSET,EQUIPOS DE COMPUTO,TABLET,MCA/MOD/,A CERCA DE LA PLACA DEL FABRICANTE
ASSET,MAQUINARIA Y EQUIPO,TABLETEADORA,MCA/MOD/,A CERCA DE LA PLACA DEL FABRICANTE
ASSET,EQUIPOS DIVERSOS,TACHO INDUSTRIAL DE INGREDIENTES,MCA/MOD/,A CERCA DE LA PLACA DEL FABRICANTE
ASSET,EQUIPOS DIVERSOS,TACOMETRO,MCA/MOD/,A CERCA DE LA PLACA DEL FABRICANTE
ASSET,EQUIPOS DIVERSOS,TALADRO DE BANCO,MCA/MOD/POTENCIA DEL MOTOR (PONER LA UNIDAD)/CURSO/DIAMETRO MANDRIL EN PULGADAS,A CERCA DE LA PLACA DEL FABRICANTE
ASSET,EQUIPOS DIVERSOS,TALADRO DE COLUMNA,MCA/MOD/POTENCIA DEL MOTOR (PONER LA UNIDAD)/CURSO/DIAMETRO MANDRIL EN PULGADAS,A CERCA DE LA PLACA DEL FABRICANTE
ASSET,EQUIPOS DIVERSOS,TALLA ELÉCTRICA,MCA/MOD/,A CERCA DE LA PLACA DEL FABRICANTE
ASSET,MAQUINARIA Y EQUIPO,TAMBOREADOR,MCA/MOD/,A CERCA DE LA PLACA DEL FABRICANTE
ASSET,MAQUINARIA Y EQUIPO,TAMIZADOR,MCA/MOD/ESTRUCTURA (MATERIAL)/DIMENSIÓN (ANC X PROF X ALT) EN MM,A CERCA DE LA PLACA DEL FABRICANTE
ASSET,MAQUINARIA Y EQUIPO,TANQUE,MCA/MOD/ESTRUCTURA (MATERIAL)/FORMATO/CAPACIDAD (PONER LA UNIDAD)/DIMENSIÓN (LARG X ANCH X ALT) EN MM,A CERCA DE LA PLACA DEL FABRICANTE
ASSET,MAQUINARIA Y EQUIPO,TANQUE DE CONDESADO,MCA/MOD/,A CERCA DE LA PLACA DEL FABRICANTE
ASSET,MAQUINARIA Y EQUIPO,TANQUE DE PRESION,MCA/MOD/ESTRUCTURA (MATERIAL)/FORMATO / ORIENTACION/CAPACIDAD (PONER LA UNIDAD)/PRESION DE TRABAJO (PONER LA UNIDAD)/DIMENSION (LARG/DIAM X ANCH X ALT) EN MM,A CERCA DE LA PLACA DEL FABRICANTE
ASSET,MAQUINARIA Y EQUIPO,TANQUE PULVERIZADOR,MCA/MOD/,A CERCA DE LA PLACA DEL FABRICANTE
ASSET,MAQUINARIA Y EQUIPO,TAPADORA,MCA/MOD/,A CERCA DE LA PLACA DEL FABRICANTE
ASSET,MAQUINARIA Y EQUIPO,TAPONADORA,MCA/MOD/CAPACIDAD (PONER UNIDAD),A CERCA DE LA PLACA DEL FABRICANTE
ASSET,MUEBLES,TAVOLA CALDA,MCA/MOD/ESTRUCTURA (MATERIAL)/DIMENSIÓN ( LARG X ANC X ALT) EN MM,SUPERIOR DERECHA
ASSET,EQUIPOS DIVERSOS,TECLE ELECTRICO,MCA/MOD/CAPACIDAD (PONER UNIDAD)/ELEVACION MAXIMA EN MM/POTENCIA (PONER LA UNIDAD),A CERCA DE LA PLACA DEL FABRICANTE
ASSET,EQUIPOS COMUNICACION,TELEFONO TIPO VOIP,MCA/MOD/,A CERCA DE LA PLACA DEL FABRICANTE
ASSET,MUEBLES,TELEVISOR,MCA/MOD/TAMAÑO EN PULGADAS/TIPO DEL PANTALLA,SUPERIOR DERECHA
ASSET,EQUIPOS DIVERSOS,TELUROMETRO,MCA/MOD/,A CERCA DE LA PLACA DEL FABRICANTE
ASSET,MAQUINARIA Y EQUIPO,TEMPERADOR,MCA/MOD/,A CERCA DE LA PLACA DEL FABRICANTE
ASSET,MAQUINARIA Y EQUIPO,TERMA ELECTRICA,MCA/MOD/,A CERCA DE LA PLACA DEL FABRICANTE
ASSET,MAQUINARIA Y EQUIPO,TERMOCOMPRESOR,MCA/MOD/,A CERCA DE LA PLACA DEL FABRICANTE
ASSET,MAQUINARIA Y EQUIPO,TERMOFORMADORA,MCA/MOD/,A CERCA DE LA PLACA DEL FABRICANTE
ASSET,EQUIPOS DE LABORATORIO,TERMOHIGROMETRO,MCA/MOD/,A CERCA DE LA PLACA DEL FABRICANTE
ASSET,EQUIPOS DE LABORATORIO,TERMOMETRO DIGITAL INDUSTRIAL,MCA/MOD/,A CERCA DE LA PLACA DEL FABRICANTE
ASSET,EQUIPOS DIVERSOS,TERMONEBULIZADOR,MCA/MOD/,A CERCA DE LA PLACA DEL FABRICANTE
ASSET,EQUIPOS DE LABORATORIO,TERMOREACTOR,MCA/MOD/,A CERCA DE LA PLACA DEL FABRICANTE
ASSET,EQUIPOS DIVERSOS,TERMOSTATO INDUSTRIAL,MCA/MOD/,A CERCA DE LA PLACA DEL FABRICANTE
ASSET,TERRENOS,TERRENO M²,MCA/MOD/,FICTICIO
ASSET,EQUIPOS DE LABORATORIO,TEXTUROMETRO,MCA/MOD/,A CERCA DE LA PLACA DEL FABRICANTE
ASSET,MAQUINARIA Y EQUIPO,THERMO BALANZA,MCA/MOD/,A CERCA DE LA PLACA DEL FABRICANTE
ASSET,EDIFICIOS,TINGLADO,,FICTICIO
ASSET,EQUIPOS DE LABORATORIO,TITULADOR PONTECIOMETRO,MCA/MOD/,A CERCA DE LA PLACA DEL FABRICANTE
ASSET,MAQUINARIA Y EQUIPO,TOLVA,MCA/MOD/ESTRUCTURA (MATERIAL)/CAPACIDAD (COLOCAR UNIDAD)/DIMENSIÓN (DIAM X ALT) EN MM,A CERCA DE LA PLACA DEL FABRICANTE
ASSET,EDIFICIOS,TOLVA DE HORMIGON,,FICTICIO
ASSET,MAQUINARIA Y EQUIPO,TOMBADOR,MCA/MOD/,A CERCA DE LA PLACA DEL FABRICANTE
ASSET,MAQUINARIA Y EQUIPO,TORNILLO TRANSPORTADOR,MCA/MOD/ESTRUCTURA (MATERIAL)/POTENCIA DEL MOTOR (PONER LA UNIDAD)/DIMENSION (DIAM X LARG) EN MM,A CERCA DE LA PLACA DEL FABRICANTE
ASSET,EQUIPOS DIVERSOS,TORNO,MCA/MOD/ORIENTACIÓN/DIAMETRO DE LA CASTANA EN MM/LONGITUD DEL BARRAMIENTO EN MM/NÚMERO DEL FUSOS/POTENCIA DEL MOTOR (PONER LA UNIDAD),A CERCA DE LA PLACA DEL FABRICANTE
ASSET,MAQUINARIA Y EQUIPO,TORNO MECANICO,MCA/MOD/,A CERCA DE LA PLACA DEL FABRICANTE
ASSET,EQUIPOS DE LABORATORIO,TORQUIMETRO,MCA/MOD/CAPACIDAD (PONER UNIDAD),A CERCA DE LA PLACA DEL FABRICANTE
ASSET,MAQUINARIA Y EQUIPO,TORRE,MCA/MOD/ESTRUCTURA (MATERIAL)/FLUJO (COLOCAR UNIDAD)/TEMPERATURA MAX (PONER LA UNIDAD)/DIMENSION (LARG X ANCH X ALT) EN MM,A CERCA DE LA PLACA DEL FABRICANTE
ASSET,INSTALACIONES,TORRE C/PARARRAYOS Y ATERRAMIENTO,,FICTICIO
ASSET,EQUIPOS DIVERSOS,TORRE DE ALMACENAMIENTO,MCA/MOD/,A CERCA DE LA PLACA DEL FABRICANTE
ASSET,MAQUINARIA Y EQUIPO,TORRE DE DESTILACION,MCA/MOD/,A CERCA DE LA PLACA DEL FABRICANTE
ASSET,MAQUINARIA Y EQUIPO,TORRE DE ENFRIAMIENTO,MCA/MOD/,A CERCA DE LA PLACA DEL FABRICANTE
ASSET,MAQUINARIA Y EQUIPO,TORRE DE LAVADO,MCA/MOD/,A CERCA DE LA PLACA DEL FABRICANTE
ASSET,MAQUINARIA Y EQUIPO,TORRE DE SECADO,MCA/MOD/,A CERCA DE LA PLACA DEL FABRICANTE
ASSET,EDIFICIOS,TORREON,,FICTICIO
ASSET,EQUIPOS DIVERSOS,TRACADOR,MCA/MOD/,A CERCA DE LA PLACA DEL FABRICANTE
ASSET,UNIDADES DE TRANSPORTE,TRACTOR,MCA/MOD/,A CERCA DE LA PLACA DEL FABRICANTE
ASSET,MAQUINARIA Y EQUIPO,TRAMPA MAGNETICA,MCA/MOD/,A CERCA DE LA PLACA DEL FABRICANTE
ASSET,MAQUINARIA Y EQUIPO,TRANSFORMADOR,MCA/MOD/POTENCIA (PONER LA UNIDAD)/RELACION (1 PRA 10)/TENSION EN V,A CERCA DE LA PLACA DEL FABRICANTE
ASSET,EQUIPOS DIVERSOS,TRANSPALETA,MCA/MOD/ESTRUCTURA (MATERIAL)/ELECTRICA;MECANICA;MANUAL;EMBARCADA/CAPACIDAD DE CARGA (PONER LA UNIDAD)/ELEVACIÓN MAX EN MM,A CERCA DE LA PLACA DEL FABRICANTE
ASSET,MAQUINARIA Y EQUIPO,TRANSPORTADOR,MCA/MOD/TIPO/ESTRUCTURA/MATERIAL DE LA FAJA/POTENCIA DEL MOTOR ELECTRICO (PONER LA UNIDAD)/DIMENSION (LARG X ANCH X ALT) EN MM,A CERCA DE LA PLACA DEL FABRICANTE
ASSET,MAQUINARIA Y EQUIPO,TRANSPORTADOR A VACUO,MCA/MOD/,A CERCA DE LA PLACA DEL FABRICANTE
ASSET,MAQUINARIA Y EQUIPO,TRANSPORTADOR DE CORRIENTES,MCA/MOD/,A CERCA DE LA PLACA DEL FABRICANTE
ASSET,EQUIPOS DIVERSOS,TRAZADOR DE ALTURA,MCA/MOD/,A CERCA DE LA PLACA DEL FABRICANTE
ASSET,MAQUINARIA Y EQUIPO,TREFILADORA,MCA/MOD/,A CERCA DE LA PLACA DEL FABRICANTE
ASSET,UNIDADES DE TRANSPORTE,TRIMOTO,,FICTICIO
ASSET,MAQUINARIA Y EQUIPO,TRITURADOR,MCA/MOD/,A CERCA DE LA PLACA DEL FABRICANTE
ASSET,MUEBLES,TRITURADORA DE PAPEL,MCA/MOD/,A CERCA DE LA PLACA DEL FABRICANTE
ASSET,MAQUINARIA Y EQUIPO,TROQUELADORA,MCA/MOD/,A CERCA DE LA PLACA DEL FABRICANTE
ASSET,MAQUINARIA Y EQUIPO,TUNEL,MCA/MOD/TIPO/C/FAJA TRANSPORTADORA/CAPACIDAD (PONER LA UNIDADE)/C/MOTO REDUCTOR/POTENCIA (PONER LA UNIDAD)/DIMENSION (LARG X ANCH X ALT) EN MM,A CERCA DE LA PLACA DEL FABRICANTE
ASSET,MAQUINARIA Y EQUIPO,TUNEL DE ENFRIAMIENTO,MCA/MOD/,A CERCA DE LA PLACA DEL FABRICANTE
ASSET,MAQUINARIA Y EQUIPO,TUNEL DE MADURACION,MCA/MOD/,A CERCA DE LA PLACA DEL FABRICANTE
ASSET,MAQUINARIA Y EQUIPO,TUNEL DE SECADO,MCA/MOD/,A CERCA DE LA PLACA DEL FABRICANTE
ASSET,EQUIPOS DE LABORATORIO,TURBIDIMETRO,MCA/MOD/,A CERCA DE LA PLACA DEL FABRICANTE
ASSET,EQUIPOS DE LABORATORIO,ULTRACONGELADORA,MCA/MOD/,A CERCA DE LA PLACA DEL FABRICANTE
ASSET,EQUIPOS DE LABORATORIO,ULTRAFREEZER,MCA/MOD/,A CERCA DE LA PLACA DEL FABRICANTE
ASSET,EQUIPOS DE LABORATORIO,ULTRASONIDO,MCA/MOD/,A CERCA DE LA PLACA DEL FABRICANTE
ASSET,MAQUINARIA Y EQUIPO,UNIDAD CIP,MCA/MOD/,A CERCA DE LA PLACA DEL FABRICANTE
ASSET,MAQUINARIA Y EQUIPO,UNIDAD CONDENSADORA,MCA/MOD/,A CERCA DE LA PLACA DEL FABRICANTE
ASSET,MAQUINARIA Y EQUIPO,UNIDAD DE DESINFECCION ULTRAVIOLETA,MCA/MOD/,A CERCA DE LA PLACA DEL FABRICANTE
ASSET,EQUIPOS DE COMPUTO,UNIDAD DE RESPALDO DE DATOS,MCA/MOD/,A CERCA DE LA PLACA DEL FABRICANTE
ASSET,MAQUINARIA Y EQUIPO,UNIDAD DE SALIDA DE AGUA DE OSMOSIS,MCA/MOD/,A CERCA DE LA PLACA DEL FABRICANTE
ASSET,MAQUINARIA Y EQUIPO,UNIDAD EVAPORADORA DA CAMARA FRIA,MCA/MOD/,A CERCA DE LA PLACA DEL FABRICANTE
ASSET,MAQUINARIA Y EQUIPO,UNIDAD PRINCIPAL ACCIONAMIENTO,MCA/MOD/,A CERCA DE LA PLACA DEL FABRICANTE
ASSET,UND DE REEMPLAZO,UNIDADES DE REEMPLAZO,,
ASSET,EQUIPOS DE COMPUTO,UPS,MCA/MOD/POTENCIA EN KVA,A CERCA DE LA PLACA DEL FABRICANTE
ASSET,MUEBLES Y ENSERES,VALORADOR,MCA/MOD/,SUPERIOR DERECHA
ASSET,MAQUINARIA Y EQUIPO,VALVULA,MCA/MOD/,A CERCA DE LA PLACA DEL FABRICANTE
ASSET,MAQUINARIA Y EQUIPO,VAPORIZADOR,MCA/MOD/,A CERCA DE LA PLACA DEL FABRICANTE
ASSET,MAQUINARIA Y EQUIPO,VARIADOR DE FRECUENCIA,MCA/MOD/,A CERCA DE LA PLACA DEL FABRICANTE
ASSET,MAQUINARIA Y EQUIPO,VASO DE PRESION,MCA/MOD/,A CERCA DE LA PLACA DEL FABRICANTE
ASSET,MAQUINARIA Y EQUIPO,VENTILADOR AXIAL,MCA/MOD/,A CERCA DE LA PLACA DEL FABRICANTE
ASSET,MAQUINARIA Y EQUIPO,VENTILADOR CENTRIFUGO,MCA/MOD/ESTRUCTURA (MATERIAL)/FLUJO (COLOCAR UNIDAD)/POTENCIA DEL MOTOR (COLOCAR UNIDAD)/DIÁMETRO (DIAM X ANCH) EN MM,A CERCA DE LA PLACA DEL FABRICANTE
ASSET,EDIFICIOS,VESTUARIOS ALMACEN DE DESPACHO,,FICTICIO
ASSET,MAQUINARIA Y EQUIPO,VIBROMETRO,MCA/MOD/,A CERCA DE LA PLACA DEL FABRICANTE
ASSET,EQUIPOS COMUNICACION,VIDEOCONFERENCIA,MCA/MOD/,A CERCA DE LA PLACA DEL FABRICANTE
ASSET,EQUIPOS DE COMPUTO,VIDEOGRABADOR/NVR,MCA/MOD/,A CERCA DE LA PLACA DEL FABRICANTE
ASSET,EQUIPOS DE LABORATORIO,VISCOZIMETRO,MCA/MOD/CAPACIDAD (PONER UNIDAD),A CERCA DE LA PLACA DEL FABRICANTE
ASSET,EDIFICIOS,VIVIENDA,,FICTICIO
ASSET,MAQUINARIA Y EQUIPO,VOLCADORA,MCA/MOD/,A CERCA DE LA PLACA DEL FABRICANTE
ASSET,MAQUINARIA Y EQUIPO,VOLTEADORA,MCA/MOD/,A CERCA DE LA PLACA DEL FABRICANTE
ASSET,MAQUINARIA Y EQUIPO,VORTEX MIXER,MCA/MOD/,A CERCA DE LA PLACA DEL FABRICANTE
ASSET,INSTALACIONES,VOZ Y DATA,MCA/MOD/,FICTICIO
ASSET,MAQUINARIA Y EQUIPO,WATCHDOG,MCA/MOD/CAPACIDAD (PONER UNIDAD),A CERCA DE LA PLACA DEL FABRICANTE
ASSET,MAQUINARIA Y EQUIPO,ZARANDA,MCA/MOD/ESTRUCTURA (MATERIAL)/DIMENSION (ANC X PROF X ALT) EN MM/TELA (MATERIAL)/DIMENSION DE LA TELA (ANC X PROF X ALT) EN MM,A CERCA DE LA PLACA DEL FABRICANTE
ASSET,EQUIPOS DIVERSOS,ANDAIMIO CERTIFICADO,MCA/MOD/ESTRUCTURA (MATERIAL)/DIMENSION (ANC X PROF X ALT) NUMERO DE ANDARES,FICTICIO
ASSET,INSTALACIONES,PORTON PLEGABLE,MCA/MOD/DIMENSION (ANC X ALT) EN MM,FICTICIO
ASSET,MAQUINARIA Y EQUIPO,ALIMENTADOR DE TAPAS,MCA/MOD/CAP/DIM,A CERCA DE LA PLACA DEL FABRICANTE
ASSET,SIN CATEGORÍA,APILPALLET,MCA/MOD/,A CERCA DE LA PLACA DEL FABRICANTE
ASSET,MAQUINARIA Y EQUIPO,CALEFACTOR ELECTRICO (POT ≥ 1500 W),MCA/MOD/POTENCIA (PONER LA UNIDAD),A CERCA DE LA PLACA DEL FABRICANTE
ASSET,SIN CATEGORÍA,CATRACA DE ACCESO,,
ASSET,SIN CATEGORÍA,LAVATORIO DE BOTAS,,
ASSET,EQUIPOS DE COMPUTO,MICROCOMPUTADORA ALL ONE,MCA/MOD/,A CERCA DE LA PLACA DEL FABRICANTE
ASSET,EQUIPOS DE COMPUTO,RADIO SATELITAL,MCA/MOD/,A CERCA DE LA PLACA DEL FABRICANTE
ASSET,MAQUINARIA Y EQUIPO,SAZONADOR,MCA/MOD/ESTRUCTURA (MATERIAL)/DIMENSION (ANC X PROF X ALT) EN MM,A CERCA DE LA PLACA DEL FABRICANTE
ASSET,MAQUINARIA Y EQUIPO,TOSTONERA,MCA/MOD/ESTRUCTURA (MATERIAL)/DIMENSION (ANC X PROF X ALT) EN MM,A CERCA DE LA PLACA DEL FABRICANTE
ASSET,MAQUINARIA Y EQUIPO,PUERTA AUTOMATICA DE APERTURA RAPIDA,MCA/MOD/ESTRUCTURA (MATERIAL)/DIMENSION (ANC X PROF X ALT) EN MM,A CERCA DE LA PLACA DEL FABRICANTE
ASSET,EQUIPOS DIVERSOS,MICROFONO,MCA/MOD/ESTRUCTURA (MATERIAL)/DIMENSION (ANC X PROF X ALT) EN MM,A CERCA DE LA PLACA DEL FABRICANTE
ASSET,MAQUINARIA Y EQUIPO,PICADORA DE PASTO,MCA/MOD/CAPACIDAD (PONER UNIDAD),A CERCA DE LA PLACA DEL FABRICANTE
ASSET,MAQUINARIA Y EQUIPO,RASTRA,MCA/MOD/CAPACIDAD (PONER UNIDAD),A CERCA DE LA PLACA DEL FABRICANTE
ASSET,EQUIPOS DIVERSOS,REGISTRADOR DE DATOS DE TEMPERATURA,MCA/MOD/,A CERCA DE LA PLACA DEL FABRICANTE O FICTÍCIO
ASSET,MAQUINARIA Y EQUIPO,SUBSOLADOR,MCA/MOD/CAPACIDAD (PONER UNIDAD),A CERCA DE LA PLACA DEL FABRICANTE O FICTÍCIO
ASSET,EQUIPOS DE COMPUTO,MICROCOMPUTADORA ALL-IN-ONE,MCA/MOD/,A CERCA DE LA PLACA DEL FABRICANTE
ASSET,MAQUINARIA Y EQUIPO,CABEZAL DE CORTE / DISCO DE CORTE,MCA/MOD/ESTRUCTURA (MATERIAL)/DIMENSION (ANC X PROF X ALT) EN MM,FICTICIO
ASSET,MAQUINARIA Y EQUIPO,LAVADORA DE TUBERCULOS,MCA/MOD/ESTRUCTURA (MATERIAL)/DIMENSION (ANC X PROF X ALT) EN MM/CAPACIDAD (PONER UNIDAD),A CERCA DE LA PLACA DEL FABRICANTE
ASSET,EQUIPOS DE COMPUTO,CONSOLE KVM,MCA/MOD,A CERCA DE LA PLACA DEL FABRICANTE
ASSET,MAQUINARIA Y EQUIPO,AHOYADORA,MCA/MOD/CAPACIDAD (PONER UNIDAD),A CERCA DE LA PLACA DEL FABRICANTE
ASSET,MUEBLES,BANO PORTATIL,MCA/MOD/ESTRUCTURA (MATERIAL)/DIMENSIÓN ( LARG X ANC X ALT) EN MM,SUPERIOR DERECHA
ASSET,MUEBLES,CAMAROTE,MCA/MOD/ESTRUCTURA (MATERIAL)/DIMENSIÓN ( LARG X ANC X ALT) EN MM,ESTRUCTURA
ASSET,MUEBLES,BIN PLASTICO,MCA/MOD/CAPACIDAD (PONER UNIDAD)/ESTRUCTURA (MATERIAL)/DIMENSIÓN ( LARG X ANC X ALT) EN MM,FICTICIO
ASSET,UNIDADES DE TRANSPORTE,CUATRIMOTO (CUADRICICLO),MCA/MOD/ANO FABRICAÇÃO/ MODELO/SERIAL,FICTICIO
ASSET,MAQUINARIA Y EQUIPO,DESGRANADORA DE MAIZ,MCA/MOD/CAPACIDAD (PONER UNIDAD),A CERCA DE LA PLACA DEL FABRICANTE
ASSET,EQUIPOS DIVERSOS,GPS,MCA/MOD/,A CERCA DE LA PLACA DEL FABRICANTE
ASSET,MAQUINARIA Y EQUIPO,GRADO DE ARADO,MCA/MOD/CAPACIDAD (PONER UNIDAD),A CERCA DE LA PLACA DEL FABRICANTE
ASSET,EQUIPOS DIVERSOS,MOTOSIERRA,MCA/MOD/CAPACIDAD (PONER UNIDAD),A CERCA DE LA PLACA DEL FABRICANTE
ASSET,MAQUINARIA Y EQUIPO,SISTEMA DIVERTER,MCA/MOD/CAPACIDAD (PONER UNIDAD),A CERCA DE LA PLACA DEL FABRICANTE
ASSET,EQUIPOS DIVERSOS,ROTOMARTILLO,MCA/MOD/CAPACIDAD (PONER UNIDAD),A CERCA DE LA PLACA DEL FABRICANTE
ASSET,EQUIPOS DIVERSOS,MARTILLO DEMOLEDOR,MCA/MOD/CAPACIDAD (PONER UNIDAD),A CERCA DE LA PLACA DEL FABRICANTE
NON_OBJECT,,ALFOMBRA - BIEN NO OBJETO,,
NON_OBJECT,,ALICATE AMPERIMETRO - BIEN NO OBJETO,,
NON_OBJECT,,ANTORCHA MARCA VICTOR,,
NON_OBJECT,,ARMA - BIEN NO OBJETO,,
NON_OBJECT,,BANCO - BIEN NO OBJETO,,
NON_OBJECT,,BANDEJA - BIEN NO OBJETO,,
NON_OBJECT,,BANDEJA DE MADERA - BIEN NO OBJETO,,
NON_OBJECT,,BATERIA - BIEN NO OBJETO,,
NON_OBJECT,,BIOMBO PARA LACTARIO - BIEN NO OBJETO,,
NON_OBJECT,,BOTIQUIN - BIEN NO OBJETO,,
NON_OBJECT,,CABEZAL - BIEN NO OBJETO,,
NON_OBJECT,,CABLE - BIEN NO OBJETO,,
NON_OBJECT,,CAFETERA - BIEN NO OBJETO,,
NON_OBJECT,,CAJA DE HIERRAMIENTAS - BIEN NO OBJETO,,
NON_OBJECT,,CAJON - BIEN NO OBJETO,,
NON_OBJECT,,CALCULADORA - BIEN NO OBJETO,,
NON_OBJECT,,DISPENSADOR - BIEN NO OBJETO,,
NON_OBJECT,,ELECTRODO-BIEN NO OBJETO,,
NON_OBJECT,,ELIMINADOR DE INSECTOS - BIEN NO OBJETO,,
NON_OBJECT,,EQUIPO DE SONIDO - BIEN NO OBJETO,,
NON_OBJECT,,ESCLUSA - BIEN NO OBJETO,,
NON_OBJECT,,ESPECIMETRO,,
NON_OBJECT,,ESTABILIZADOR - BIEN NO OBJETO,,
NON_OBJECT,,EXPRIMIDOR  ELECTRICO - BIEN NO OBJETO,,
NON_OBJECT,,EXTINTOR - BIEN NO OBJETO,,
NON_OBJECT,,EXTRACTOR- BIEN NO OBJETO,,
NON_OBJECT,,FILTRO DE AGUA - BIEN NO OBJETO,,
NON_OBJECT,,GATA HIDRAÚLICA - BIEN NO OBJETO,,
NON_OBJECT,,GUILLOTINA PEQUEÑA PARA PAPEL - BIEN NO OBJETO,,
NON_OBJECT,,HERVIDOR DE AGUA,,
NON_OBJECT,,HIERRAMENTA MANUAL - BIEN NO OBJETO,,
NON_OBJECT,,KIT PARA MONTAJE Y DESMONTANJE,,
NON_OBJECT,,LÁMPARA - BIEN NO OBJETO,,
NON_OBJECT,,MAQUINA DE ESCRIBIR - BIEN NO OBJETO,,
NON_OBJECT,,MARCADOR - BIEN NO OBJETO,,
NON_OBJECT,,MEGAFONO - BIEN NO OBJETO,,
NON_OBJECT,,MEMORIA - BIEN NO OBJETO,,
NON_OBJECT,,OLLA ARROCERA - BIEN NO OBJETO,,
NON_OBJECT,,PAPELERA - BIEN NO OBJETO,,
NON_OBJECT,,PARRILLA - BIEN NO OBJETO,,
NON_OBJECT,,PERSIANA - BIEN NO OBJETO,,
NON_OBJECT,,PERTIGA TELESCOPICA,,
NON_OBJECT,,PESAS - BIEN NO OBJETO,,
NON_OBJECT,,PISTOLA - BIEN NO OBJETO,,
NON_OBJECT,,PIZARRA - BIEN NO OBJETO,,
NON_OBJECT,,PUFF SIN ESTRUCTURA- BIEN NO OBJETO,,
NON_OBJECT,,QUEIMADOR- BIEN NO OBJETO,,
NON_OBJECT,,RACK ELEVADOR ELECTRICO,,
NON_OBJECT,,RADIO TRANSCEPTOR DE SEGURIDAD - BIEN NO OBJETO,,
NON_OBJECT,,RECIPIENTE DE ZONA DE MUESTRA DE AGUA,,
NON_OBJECT,,RELOJ DE PARED - BIEN NO OBJETO,,
NON_OBJECT,,REPISA - BIEN NO OBJETO,,
NON_OBJECT,,RETROPROYECTOR - BIEN NO OBJETO,,
NON_OBJECT,,SEÑALIZACION - BIEN NO OBJETO,,
NON_OBJECT,,SENSOR - BIEN NO OBJETO,,
NON_OBJECT,,SENSOR DE ACTIVIDAD DE AGUA,,
NON_OBJECT,,SIRENA ELECTRICA - BIEN NO OBJETO,,
NON_OBJECT,,SOLDADURA - BIEN NO OBJETO,,
NON_OBJECT,,SURTIDOR - BIEN NO OBJETO,,
NON_OBJECT,,TARJETA - BIEN NO OBJETO,,
NON_OBJECT,,TARJETERO - BIEN NO OBJETO,,
NON_OBJECT,,TELEFONO- BIEN NO OBJETO,,
NON_OBJECT,,TEMPORIZADOR - BIEN NO OBJETO,,
NON_OBJECT,,TIJERA - BIEN NO OBJETO,,
NON_OBJECT,,UNIDAD HIDRAULICA- BIEN NO OBJETO,,
NON_OBJECT,,VACUOMETRO (MEDIOR DE VACIO) - BIEN NO OBJETO,,
NON_OBJECT,,VALVULA - BIEN NO OBJETO,,
NON_OBJECT,,VARIADOR DE FRECUENCIA- BIEN NO OBJETO,,
NON_OBJECT,,VASO - BIEN NO OBJETO,,
NON_OBJECT,,VHS - BIEN NO OBJETO,,
NON_OBJECT,,VIDEO PORTERO - BIEN NO OBJETO,,
NON_OBJECT,,VIDEOCASSETE - BIEN NO OBJETO,,
